user_id,donor_id,name,phone,email,blood_type,lat,lon,last_donation_date,is_active,reliability_score
2bd5f75b-98fb-48a6-af59-0995de5a2492,4ff64887-f95e-4536-a9a1-bdc712d8c22d,Aryan Maharaj,+918196001338,issaconi@example.org,O+,13.343004,77.103319,2026-06-24,False,78.8
f0814ec8-1557-4f03-9ef0-0f7b6a9ccd9f,88f8a826-28fe-4058-aa57-22a8c15fd490,Arunima Ahuja,+912351161559,caleb78@example.org,A+,15.817008,74.537931,2024-04-07,True,78.68
ef49fbe6-64b4-4d86-a28e-e6ef6efae5ed,e9e94b2f-47f0-47b2-bbd8-51380a69ed5a,Farhan Memon,+910341316475,kamalapant@example.org,B+,12.977915,77.599371,2026-03-29,True,80.66
aa859e4a-4736-4e30-9fac-6f8403de983b,f3e2ced4-adb2-48c7-9b14-0c5b26d9c3bb,Ekbal Garg,+914835030564,kakardivya@example.org,A+,17.31618,76.802374,2026-03-07,True,74.9
229117f4-df8e-469e-9683-675cc6c90790,0eeaa01c-38aa-44c6-b175-9400cba31e6f,Meghana Shanker,+918849696532,wchand@example.org,B-,12.903983,77.510725,2026-05-07,True,70.96
ec7fcb01-579e-4157-b3ee-4bc5d8295ea2,77290ed8-4ace-4181-aefb-df9a4ce181f2,Michael Dutta,+916978480184,isaac46@example.org,AB+,12.974048,77.604641,2026-04-04,True,84.98
c7100c4a-040f-4a33-8494-e953535cb534,65c75028-819f-4e46-bc03-f49563f91dbb,Aarush Lall,+918932528809,vrinda01@example.com,A+,13.351042,74.755173,2026-03-07,True,87.54
eb904a81-0090-4e25-9dd0-6e1b76af0bc9,b88a96ee-edce-46ab-9142-5795eb8825e9,Wriddhish Bhardwaj,+917182278248,ikakar@example.net,AB-,13.008123,76.107357,2026-07-31,True,95.83
686a775a-d994-4622-b3a5-91159bf4ac6a,2536a0dc-6596-4f1a-b9fa-974044040741,Devika Rastogi,+911331509839,abhimanyubobal@example.net,O+,12.969911,77.590888,2026-05-27,True,85.87
53701bdc-8829-4e0a-8313-c54e32800d62,300b7e16-6a28-4f21-baf4-738700c70485,Veer Bir,+913473829973,mray@example.org,O+,17.937842,77.521984,2026-03-07,True,93.06
e415b74c-4f55-4f06-b1f4-518d38316bcb,debb6ad7-4759-48f8-9369-a261399dd310,Raagini Pandya,+911065133387,pahalgoswami@example.com,A+,12.978092,77.604834,2026-04-11,True,92.86
0e6fe204-8f0b-407f-92f8-655d9620d626,5794db6c-eecd-41f4-bd1f-87e9c30aedeb,Zaid Borra,+918013267736,galaladli@example.org,O+,15.363911,75.123179,2026-07-17,True,92.88
31d15b92-56c3-44f1-9586-1d06885c3776,6e5fe8f8-15a3-4a32-aa8e-892790d22a64,Alka Sha,+912343098050,soodyadavi@example.net,A+,15.325234,75.116098,2026-01-25,True,80.89
0e4e7fa3-dd2d-4faa-b850-268ef4066f40,9df75904-3223-4d33-86a9-4a26db1a89d0,Dakshesh Trivedi,+911361939909,sainidiya@example.com,B+,13.137821,78.154887,2026-08-01,True,84.58
59e04c8e-78b5-4ccb-81e8-adda491d6b4a,7539fb96-3fb5-4640-893f-d98248153608,Dipta Khare,+917510799118,yashawinilanka@example.org,A+,12.978162,77.527145,2026-06-02,True,85.83
ebcd3ca4-601b-4bee-99ef-4bbf548c7e5c,06df74f5-5058-4340-9329-f7f8ffe92ad0,Ekapad Konda,+918498084124,chhabranachiket@example.com,O+,15.90298,74.471174,2026-04-05,True,90.15
caa34987-191f-4ade-99d4-b61d28302e69,ac724856-c3cc-4b8e-96fe-e8aafc44a7be,Shivansh Oza,+914016400524,riyasane@example.net,B+,12.886356,77.622122,2026-01-23,True,76.9
7c004841-39fe-43cf-a6d3-d63813cd1855,474b3edb-e115-43df-aadd-ccfcca9d70ea,Isaac Borra,+919826204505,zaidchauhan@example.com,A-,12.970972,77.593904,2026-04-02,False,77.14
214a71a2-ab97-45b7-a1f8-63c3f7afff55,aa4c1401-13f2-4846-8a41-bbfad5334dc1,Mohammed Khalsa,+912563421607,ryansharma@example.com,AB+,17.332354,76.837349,2026-06-12,True,84.19
e14697eb-9152-4c32-8303-7c46a560345b,33a3f950-59e7-47ae-932a-bbda1fa8733a,Vedant Kapoor,+914145868501,pranav94@example.org,B+,12.295313,76.638626,2026-08-05,True,99.52
71df3060-d0a9-4c0d-b161-304ade140f94,8a185d51-712e-43b2-89d2-6beabc079ded,Radha Pai,+911693406088,janujasankar@example.org,O+,12.960414,77.612865,2025-08-03,True,74.21
1b0e9324-ee40-4f6a-9244-d887820229ce,a83338de-7b6e-4e7c-9dab-d91a95d6f24d,Dipta Dash,+915648236629,nidra80@example.com,A+,12.990626,77.574949,2026-03-05,True,89.56
6264d59d-1716-4e67-940d-bf8741f070df,af510937-c07b-4bd7-a233-1069a800712c,Shivansh Sani,+913872148951,dayitakar@example.org,O+,12.914127,74.856018,2024-12-24,True,76.41
c82894ee-7274-48b9-8f23-b27dbea17c1d,33a6e55d-e755-4500-babc-dcf625182834,Aryan Batra,+917693676320,sandaltheodore@example.org,AB+,12.295523,76.63967,2024-11-05,True,90.9
630d734f-06ff-425b-939d-e96a4c05b7fd,4e2fc382-62fc-4743-8691-120b24a7886d,Chandresh Krish,+918895798687,vaishnavisengupta@example.com,B+,14.452189,75.901403,2025-07-06,True,87.38
33a6a52c-4d86-4b8c-a53f-6421e2f792f5,cb6dbac4-e6d1-4af1-8898-f3fe0df2052a,Aradhana Verma,+911434558122,leeladua@example.net,O+,12.949105,74.869484,2026-06-05,True,98.82
35eb45f7-b26f-490f-8de6-69eb20391cd2,39e3c3a9-74ee-47b9-96f8-2119e6109c9c,Devansh Sachdeva,+916036690967,pandeychanchal@example.com,O+,12.967278,77.591584,2025-10-14,True,87.09
a216f146-12e5-45ef-b5ce-9f363d24c2c8,e988d67b-b021-4011-bd53-f8cf986924b9,Thomas Sura,+910656272980,fbala@example.net,O+,12.914265,74.856096,2026-07-02,True,76.13
a31b17b7-10ff-4a62-b018-7ccc50825f54,3fdd56e0-c35f-4ebc-b6e6-b84007521f13,Krishna Shenoy,+915375564641,vbahl@example.net,O+,14.462231,75.92352,2025-03-27,True,98.07
ab50e9a0-f6e9-4439-9618-f077d3bb22d9,bd70612a-295b-416c-ba33-950afc6cbc59,Inaya Kapur,+913092327193,xkunda@example.com,A+,12.929267,77.576448,2026-06-08,True,98.0
e2dd3c9c-7eb1-4f65-8808-ec3cb22aafc0,6c6dc798-3262-4003-889b-4a202ff167d8,Ishwar Gade,+914966319314,barmanidika@example.net,A+,13.321393,74.763576,2026-04-06,True,99.62
7fbecfdb-710f-44bd-a64b-2f33478368fd,f26486b2-32aa-4db5-8b65-37e0dd129790,Kamala Biswas,+911657262849,bshroff@example.net,B+,15.849704,74.49769,2026-04-27,True,96.69
81c812cd-1424-4022-93e4-e60ae147f431,32506d7a-f2a5-414c-8dc4-fd281a43d3ef,Ekantika Korpal,+917996507527,ishakuruvilla@example.com,A+,14.46415,75.923079,2024-03-12,True,77.92
cf411e41-94eb-46d5-b359-3a9fab6116c6,ea586cb3-8210-464d-a4af-bd9d63c57803,Anya Anne,+917837770143,tkohli@example.net,A+,15.394639,75.078988,2026-07-07,False,80.01
2f1fd96c-05a1-4154-8bab-cef123f83803,b1d7701c-eae2-4a58-a17f-49f9be6945ce,Urvashi Wali,+915744431351,rehaankalita@example.net,B+,13.026561,77.685455,2026-03-04,False,72.26
6745cfac-da93-402b-81db-3c105bc1a88c,42a57b4f-1620-43b0-9ed6-c919cace87d8,Aradhana Vohra,+913524082400,jonathan71@example.org,O+,13.312079,74.733375,2026-07-24,True,71.25
32139e4f-4ea4-461a-b0a4-bbafae5b2ed9,73bd39e8-26ed-47f6-89ca-129dc92e4059,Upasna Srinivas,+914711671902,dakshachada@example.org,A+,13.065585,77.577578,2026-05-16,True,73.08
abb746e7-3796-4189-aaca-c82e30e5c4cb,2442cb22-2da0-42f1-90ff-0de731dc476a,Omaja Kara,+919649909133,finn23@example.org,O+,15.115381,76.937997,2025-06-16,True,99.29
302a3c6e-c019-40d9-8df7-aeba2c10d0cd,1056a1e1-b38b-4305-85f8-a0a0d58822bc,Naksh Agate,+914034471349,pavanicontractor@example.net,O+,16.858564,75.714653,2024-12-19,True,95.92
cc36d656-8610-4547-ab8e-df86cf5ded76,bc374e2e-5c41-4478-ae5f-1bcb3ea50ace,Manthan Lata,+914994717464,fsarma@example.net,A+,16.830977,75.706605,2026-03-15,True,94.5
bb28371b-11aa-40d9-8aba-8275f227f6cc,cda2a322-31e7-4419-940d-f83e3183d948,Rachana Naidu,+919904902787,pratyush96@example.net,A-,12.297893,76.632085,2025-07-31,True,78.36
fecfcf18-e342-432b-8687-306fc12cc800,2dc24811-470e-4ab1-ac4a-17c1c53023b3,Gavin Singhal,+911256746807,murtyzayyan@example.com,B+,12.931198,77.650809,2026-03-07,True,70.83
3fdd7920-e0b6-424a-a56c-03b2ac3e0455,f147c54b-cacd-40ca-94d6-ec91aac7959f,Netra Varkey,+910385977034,bhavnasarma@example.net,AB+,13.338087,74.740497,2024-06-13,True,91.86
1e1e3153-3494-4073-a033-3183519d5a24,1da00ae4-85e5-45f6-942a-7fb0bc4f8434,Jairaj Balakrishnan,+910861317127,yashodhara46@example.com,B+,12.927802,77.591369,2026-07-10,False,83.08
75e29700-eeec-4508-9493-d89297d7b713,ef32e9cc-1c2c-4fb3-8dae-9d37227d0159,Yagnesh Shan,+918214658404,vrishti27@example.net,AB+,15.348153,75.08304,2026-04-19,True,72.1
86d1e778-77bd-4fd2-a0b4-2e112a485848,d22c4b53-9ce7-4fd3-ae05-8862f6fc5728,Hemani Natarajan,+913963605766,warhibansal@example.org,O+,17.326346,76.842575,2026-04-06,True,90.01
96e4db13-7763-47d9-9fef-92da095f069d,6ae9ac4d-5bbe-48ae-98a7-2fa4c70ef89b,Harish Sarraf,+912621745961,lajita57@example.net,A+,12.918387,77.575168,2026-03-27,True,97.08
07964b0c-df15-403e-afe0-5d06c57d9fc3,5cd256ae-d8b2-495b-af5f-d5657aebb65a,Ekapad Keer,+911172400504,kavya62@example.org,A+,15.842765,74.49546,2024-11-30,True,88.2
98a247d8-9077-4915-99ec-4c04d88f2060,74fa734b-f9d6-4e33-b67a-5f138e32ea50,Pranit Garde,+919379237474,shroffbhavna@example.net,B+,12.960408,77.571838,2026-04-23,True,78.51
e9cd5a20-5866-46e9-aa83-269f06f060ca,d84f988e-cf97-4cba-a15a-5e904d38d3f9,Ethan Sathe,+914743671369,chakrika40@example.net,AB+,17.351864,76.849737,2025-04-02,True,75.97
3182f7ec-df29-466d-8591-08a29dc91f3b,a43b3ea9-6a9a-4f62-bd93-50861ddf6ffe,Anvi Anand,+913953394210,ridhi09@example.com,O+,12.963117,77.595971,2024-12-16,True,87.27
6c2cb346-95bb-44ac-99fa-c6b5692b868f,4dfa5743-36fb-4829-8080-9b2c2b16c15b,Gautam Merchant,+912858842474,ishwar71@example.org,A+,14.459203,75.925717,2026-05-01,True,76.57
8a11eff0-7bcb-4318-96a1-3a5cceca4845,88da6d0b-8d05-40a8-bbc8-57319a8ebf7c,Mekhala Pau,+918175496513,nbakshi@example.net,B-,16.811899,75.714331,2026-04-29,True,94.04
0fcc81ea-6d8d-45b8-9557-703d92f77f98,482495ff-28bc-4e88-b79d-7b2f6a90935d,Timothy Bhatnagar,+912004711382,xsetty@example.net,AB+,17.278772,76.797821,2026-02-25,True,96.76
d46db58a-e539-4196-953e-9bc687f7298a,75beb0fb-6b97-4a77-baa5-cee17086a6d1,Mohammed Sachdeva,+914053773515,darsh64@example.org,A+,12.245938,76.657443,2026-03-18,True,77.42
54676b52-41d6-404a-a901-824ea313e089,669663d1-2ed4-4266-8ef2-1ab8b5a87aa8,Suhani Chand,+915329318393,falgunidivan@example.net,O+,15.811037,74.492289,2025-11-26,True,77.03
05aeca9f-a899-4b8c-8942-213c1568b70d,a83053a3-74ec-453b-89f0-652eb2edea4c,Aradhana Dhillon,+911020539502,charles26@example.net,A+,13.048726,77.638485,2026-07-23,True,71.93
6db5e869-63d8-4300-ad31-5d43ed26edf6,1531e539-5cdd-45ff-9ae4-fb96e1f0b993,Devansh Soni,+911783908470,srinivasneelima@example.com,A+,12.277688,76.650242,2026-05-29,True,70.59
a10b1a83-09a5-4b6a-a5d0-e00ceb3204ed,3900d432-40cf-4068-a22f-f89c76d8e959,Vritti Sawhney,+912124998569,sudiksha89@example.com,AB+,13.327702,74.744076,2025-01-10,True,98.6
6e4b6f7f-22a9-41e7-9a8f-2b243fe5f638,e05d1b0e-ece2-4f76-9778-9443d6764a10,Ishwar Kale,+915766156545,urvibhavsar@example.org,O+,12.260008,76.628474,2025-07-04,True,84.57
044b894a-5e60-4360-a910-b43486e4a463,b2c0bb71-412d-47f9-89c0-c56233b22597,Girik Sankaran,+910988516560,devika51@example.net,O+,12.987215,77.543252,2026-04-28,True,86.02
1d00c508-034d-455f-8645-4042e6ebfeca,26326d67-5668-463b-93b6-627205b188b9,Mohammed Subramaniam,+915149368998,lokeayush@example.org,A+,12.999512,76.088107,2026-06-13,True,77.8
79d603f8-9701-4b20-8167-c3f9d15803a2,28bda484-0b3d-4599-9df1-1dd2a57f3114,Dayamai Nori,+919612018366,kom@example.com,O+,12.957927,77.617496,2024-12-09,True,72.46
5a7d0d01-0f39-45ee-b121-3868f22e6214,c7ce8c75-79c0-4023-b38d-1e328cbb9aa0,Ekta Chad,+910147679764,yauvanicomar@example.com,B+,13.00719,77.594579,2026-02-20,False,70.93
32bdef04-e6fd-4078-ac74-d686c8b54014,51b9e13a-e1cb-4a7d-b42e-f56c53b8d2c5,Indrajit Mander,+913690034324,falak10@example.com,B+,12.91457,77.538712,2026-07-28,True,76.54
c0283f94-67a8-4fd4-96c3-00f2a217292e,635914a4-8fdb-4da5-a59a-43d4eea7fd2c,Parth Dayal,+918516060715,travel@example.net,O+,17.349016,76.869926,2026-04-30,True,74.91
56e90231-192a-4ad6-b05b-9062dd53074b,a4b4cea9-36ae-440f-b654-e03e84bf7c3f,Bimala Contractor,+919751613696,randhawadayita@example.net,O+,13.008023,77.576691,2026-03-27,True,91.45
7355e27e-cf86-41c5-a9a2-69dbfccbdbf6,56a7b81c-7dd5-4613-ad3b-8664aa9e4eb7,Timothy Nath,+918835523124,oscardua@example.net,A+,12.932896,77.553747,2026-02-16,True,73.63
32816994-dcb4-4918-a881-d67f815f2e88,38cd3795-b4fe-498e-a761-f4ec4d031a17,Peter Tak,+919955271774,daksh58@example.org,B+,13.122906,78.149301,2026-06-08,True,70.38
4d35084e-507b-4c18-8546-e49764018b76,81d1e347-9155-4f14-a172-c262306791da,Triya Seth,+911199867980,uguha@example.net,B+,12.279826,76.646656,2026-03-17,True,83.06
c80fbf00-940e-42aa-90a3-de90392a882b,560c14aa-01c6-48fb-a424-a4d8704fd8de,Yachana Dora,+911820377889,janujapradhan@example.com,O+,14.460143,75.956457,2026-06-11,True,94.77
68b57bfd-1f86-4950-81d9-4f6ba87c407d,0b66c508-2285-4357-8f05-aab3f8b8cde6,Nilima Nigam,+911864492519,inayamukherjee@example.net,AB+,12.914333,74.864426,2024-11-09,True,83.94
0227cca4-bd07-4dbf-81df-b24497737df9,cf8bd88b-b292-4d28-94bd-4ff9d06f7a30,Kai Chad,+912816850542,haritasunder@example.org,O+,15.860519,74.49975,2025-07-11,True,77.75
d4fd2564-97b2-4387-a4db-783af65bcd31,e5fb7729-192a-4383-a006-0c85be12f0da,Laksh Dubey,+918805929622,noahsarma@example.org,B-,13.002681,77.56469,2026-07-18,True,91.6
4c9400df-71d3-40f7-ba97-cab0e9818134,12b06a69-99e0-4774-92d9-21dbd90cc9bc,Janya Khanna,+913834735977,lavanya88@example.com,O+,15.350732,75.087001,2026-08-09,True,76.65
8d820ecb-4aee-49e3-a2b1-97c14c03939e,87a0cd1f-d21d-4174-af13-6ffaf8ee02e7,Ryan Devi,+918181412478,rajeshrichand@example.org,B+,17.32317,76.830452,2026-06-18,True,86.51
d2309c86-f355-48f9-b72e-917b23f021e5,a297d974-4de0-4ef4-be9a-2841f98e9b48,Ikshita Bala,+915361530515,lakshbarad@example.com,A-,12.96252,77.619676,2026-04-04,True,86.08
fe1ba4fd-0300-4e79-b420-90244f8f9329,10858796-377b-45cc-adfc-e61807d1e6ed,Liam Singh,+910432898614,charvidara@example.org,B+,15.139763,76.923153,2026-03-08,True,99.42
601fa868-f5f1-4771-af4f-0025038a3d20,f677a8f9-d785-4bca-9cb1-5daf64299dac,Oni Shankar,+918089324609,wridesh96@example.org,B+,13.927312,75.571288,2026-04-28,True,99.23
e588a3a8-0568-4e00-9672-c7baf70537c5,ad12a13a-46b4-4d8f-b0b3-655338f66a5d,Jalsa Bir,+916540515319,kiaan05@example.net,O+,12.937222,74.880107,2026-08-10,True,84.08
22c68781-7a4e-45f9-a288-7809017c027e,3d7e637d-5576-4655-bdcd-deac229f0844,Parth Shetty,+917043030548,qsolanki@example.org,AB+,12.298651,76.640376,2026-08-03,True,72.22
999eafd4-48a5-47de-a61b-ef24f90f4ec9,50a31abd-4a74-4167-bd26-1e88524107b7,Bhavika Parikh,+915667652775,fitan61@example.com,B-,15.849893,74.497973,2025-06-04,True,92.93
2f4920ac-1ada-4516-956e-021087a02f5b,b3f5f03b-5865-44c9-81e2-20b444364533,Chaaya Nagi,+914796275705,omaharaj@example.org,B+,15.855989,74.54016,2026-06-16,True,87.66
b771eb54-cb2d-454b-8057-950f2aecb635,9aab3d90-4bff-4e16-9487-f1b4fffe523b,Nidra Patla,+917021355690,shivaniprabhakar@example.com,AB+,12.317013,76.648032,2025-07-16,True,77.94
af3e2063-f026-4be9-844e-d260bb707a3a,2d959814-6fbb-4070-a3dd-5a043519b5e3,Faraj Devan,+913102786814,sanaya39@example.com,A+,12.963762,77.591875,2026-05-15,True,78.74
926da321-2982-434c-8639-883b428269f2,c5c80bfd-c015-4b3c-b6e4-88d77f707128,Ryan Das,+917155188442,janakitrivedi@example.org,B+,12.954741,77.537746,2026-04-11,True,88.75
1e2d87a2-5686-4b8c-aa70-484670114082,77d3c6c7-a485-4fc3-8c8a-5a7d59809f66,Sai Dewan,+918957829114,hsrinivas@example.com,B+,17.280018,76.860761,2026-04-10,True,72.14
74669bbd-b620-47e0-86f9-2ab8eaea4b61,b111d7b3-c966-450b-b696-72aea256d3d2,Ethan Dass,+918528922680,vasamichael@example.com,B-,12.971515,77.581311,2025-10-09,True,79.12
80233b8f-d363-4b56-8cf8-80a5b6814167,4f8407df-6ec9-4bbb-b5db-3913e8128f0d,Neel Naidu,+911438424981,miteshgarg@example.net,B+,12.289927,76.637857,2026-06-17,True,88.11
941b9510-d951-4f1f-b238-cb6ac0327e39,eb94cf52-8f34-4005-bc11-c77b0fad42cd,Benjamin Balakrishnan,+913969078447,nidramishra@example.com,O+,12.968116,77.587659,2026-08-09,True,90.17
0afb2b20-227b-4114-a3c7-1030360a13f2,2f2d36b7-06f7-47d7-98f2-5188a41593ef,Darpan Dugar,+913592555625,nagarwyatt@example.com,B+,12.971613,77.594259,2026-04-09,True,87.56
0567dd7e-635c-4db6-a223-8d365552d333,87ac469d-0a18-471a-9e41-70a0e2aea391,Amara Sengupta,+914696325953,wishivarma@example.com,B+,15.864464,74.507609,2024-03-29,True,74.82
a80ea6a6-f8b9-4310-9e7f-bbfa5ef638cc,9e7ad703-1007-48b6-9137-0c39e08dde78,Darika Tank,+917339500479,imangal@example.org,B+,12.286499,76.623848,2026-05-10,True,79.44
55008a41-3c68-4064-9241-4002ac425ca5,ebf473d7-f82c-4bee-8d6f-eaa145520060,Raagini Desai,+910609835841,cthaman@example.net,B+,12.887227,77.6541,2026-02-19,True,83.86
d7a89e03-79b8-4efc-bd69-fbd019426d86,880943b6-720a-4359-b909-28586af5044b,Jagat Dave,+918523986800,devangauri@example.com,B+,12.947823,77.570915,2026-08-05,True,86.48
9acf19a2-f7d6-40f9-98c9-6ab3e8bcf252,11924b04-df66-4eea-814f-cd1914367ecd,Manthan Varma,+912694958887,vaishnavi05@example.com,A+,13.313494,75.764056,2026-02-26,True,91.29
d5b8eb27-e372-40ad-bced-255b816e7e3e,a9e49dc7-b672-4fa5-b5c8-a2debe92f6e0,Omaja Morar,+919930972896,xavierbalay@example.net,A-,12.97156,77.594627,2026-04-30,True,73.52
2b02e464-b876-4190-9c2d-6e9159171b55,4bcebdb7-a97d-4104-84fb-b68b436e1059,Rayaan Bahl,+916368970283,vanya86@example.com,B+,13.927757,75.557733,2024-10-07,True,77.31
8a9baf2a-c85a-4c65-a400-9d8a40465fcd,0d954dc1-4237-4e0f-b72f-74dec09cd476,Tripti Walia,+919733484344,vrindanadig@example.com,B+,12.924012,74.850564,2026-05-06,True,93.7
73d4b244-8925-4652-9ae2-740f7134dc51,71018f26-f980-4d96-8a61-692b866c8411,Anusha Mani,+916524041574,mkala@example.net,O+,12.240069,76.636625,2025-04-14,True,87.4
f815b27e-dfa2-4c9a-a08b-b6ce08efb536,9e0b18a2-535b-4ef3-bb89-23e4a64a7570,Anita Devan,+913083301657,devanabdul@example.net,B+,17.283815,76.851079,2024-08-06,True,97.99
bcc516c8-bfb4-482f-b720-56dea3156be5,c751fca6-7e84-473c-b7ed-704557122ccb,Niharika Soni,+914019380262,ranganathanwarhi@example.org,B+,13.343346,74.777775,2026-03-23,False,92.34
5c540583-9f7a-45a3-baa3-321bbb0d4a13,3f8bb263-b309-4387-b0b2-97372d3cd7ba,Baljiwan Andra,+915478872874,isaiahnarayanan@example.org,O+,17.297033,76.86406,2026-04-25,True,71.11
954bffc8-4ee5-4214-b1de-0562be07ec9c,4c7cfafe-8c57-4d75-93d8-87647869c7ce,Aarini Grewal,+913296685161,logansood@example.com,O+,15.381375,75.105515,2026-06-05,True,70.46
11b34b36-9f89-48bd-936e-d6d1512ef0f1,c63a1f82-08b5-416d-90aa-87b62d14c131,Abeer Lal,+915499045301,kmohanty@example.com,A+,13.054403,77.578367,2026-04-11,True,90.78
252990e9-6740-4993-8c27-fed004f2d9f8,509b45f9-ae11-4369-b5d2-b680e74613e6,Jacob Merchant,+912727956878,yugbumb@example.net,O+,15.878029,74.458397,2026-07-02,True,96.62
5f11e788-72b1-427f-9375-c33e5a7aa114,9bd59354-8a13-4e06-9ab0-c956fc6fa50c,Janaki Brahmbhatt,+913982258713,gchand@example.com,B+,15.349259,75.109437,2026-04-08,True,92.4
ceb701a1-e4f8-431b-b136-40d019fd47b1,6c5e4f52-877a-48ad-8376-171269e01508,Sudiksha Deo,+918740640391,sampathhemangini@example.net,O+,12.295152,76.638659,2026-05-15,True,70.87
2f393565-6384-420f-b561-9788e3f91b01,b2e383c3-9986-4ac2-8755-d8f982a19162,Darpan Biswas,+912265676618,ijayadani@example.org,B+,12.971218,77.595083,2024-12-19,True,93.78
0e5a30be-333a-4601-96a9-f9b1a1f99760,a49233b5-1c3c-4123-821e-3a550c82b48f,Joshua Kapoor,+918686337524,isaiahbalay@example.net,O+,12.972371,77.593766,2024-06-26,True,83.83
dfd3d96f-5d98-4d42-8562-46134532246a,edeaa907-4068-484c-b6f9-30e2bc4822cb,Amol Khosla,+910790306738,dakshdey@example.net,O+,12.980844,77.595161,2026-02-17,True,72.22
e9687a25-8ed7-4119-9e9a-d5046e06a983,856b2086-2e78-4a20-8b8e-3b2824992660,Vivaan Nagar,+918364408926,wbatta@example.net,AB+,16.158389,75.698954,2026-03-17,True,75.98
1b0e6766-8cd6-4145-8b68-b1514fd7a8da,72c09e42-a592-4854-b38c-4fa892ee85dc,Eiravati Saha,+912873342708,jsaha@example.net,B-,12.973944,77.624462,2026-07-05,False,94.9
73497c39-cc6f-4edd-b5b8-468289636f97,d636cbb0-f731-4978-bc3f-0934fc0b5d82,Lipika Kibe,+917518304699,boraraghav@example.net,O+,12.295807,76.639392,2026-02-26,True,94.99
c22c305c-e066-4133-a055-c904df5a5b84,7eca662a-f73e-424c-9664-3720476e3ff6,Varenya Joshi,+913173936385,lajita78@example.net,O+,13.009643,76.123634,2025-08-03,True,90.33
3b2707c7-8127-45bb-9e0e-d8e8542319bd,8dd1bfbd-bd61-4a91-a199-6e4dca1b947e,Darika Lal,+911753556093,amollal@example.net,O+,14.473369,75.906862,2026-02-21,False,93.66
66a93307-9fb0-40fd-b27c-bc942ba2c45b,3d07edce-9ffd-469c-9a8a-79f6c55983fb,Chakrika Dua,+919378547772,omkaar28@example.com,O-,12.983539,77.60788,2024-12-15,True,73.96
31375166-b924-4ac7-843a-9aaf3dfcd82e,f27f35ce-6c5d-44ec-9669-3644326a4248,Daniel Viswanathan,+916231203875,subramanianvinaya@example.org,O-,15.305958,75.11204,2026-04-12,True,98.33
f9df98de-f8b9-42d2-b4fb-b5b423ab98c2,ec6ddf8b-17f2-43e2-adb1-afdf1ef1a3a4,Nisha Arora,+914086211823,zayyanpandya@example.com,O+,17.91315,77.516838,2026-08-02,True,99.0
27ae2d98-2a16-44f4-8666-c29a96ee3fb8,0ca8e998-1005-4570-9c46-4ce5495fa568,Farhan Prakash,+913410166687,andraonveer@example.org,AB+,13.357901,77.114696,2026-03-29,True,81.84
fc054d34-4991-4e30-91db-db3a8552ec4d,7d84aba4-c101-4613-a854-121194cd5643,Radha Narula,+913974014890,divyababu@example.org,O+,12.969899,77.596492,2025-01-19,True,98.21
68948b1a-b8c3-4909-a7d9-08f72838de68,666da815-2af6-49f3-b2b5-870990419fa6,Mitali Bose,+919685621850,sarkarvincent@example.org,O+,12.979407,77.59587,2026-05-25,True,71.9
aaadb310-d5c6-4f92-95ff-fd58eec4d4c0,15334eba-9178-47f8-bfca-9d1487f963c7,Mekhala Narain,+913586629619,yatin11@example.com,B+,13.920118,75.597726,2026-01-06,True,84.78
4e7e1c51-49fb-43b7-b678-16b8dababe64,3aa78d1f-b183-4f26-af0e-49409ab4db8f,Lajita Dube,+911047541212,jsen@example.net,B+,13.028971,77.661943,2026-02-14,True,82.57
a7f144ed-6399-473b-b78e-4db4bd9ca919,d7597c4e-9f0a-477d-86c4-e8461d2c6a2f,Harshil Bal,+919956046618,omkaarrai@example.org,A+,14.463324,75.922458,2026-06-20,True,78.39
f6878c25-4d16-493c-8651-39bc96beaf23,6f40e556-9f3c-4cf0-b501-ed8f2dda3507,Amruta Mitra,+912646471543,dhayre@example.org,B+,17.325902,76.835741,2026-05-16,True,97.05
45503b1e-b323-4b22-84db-dca4eca3a539,67432168-5df7-40d7-920f-04e1277f7d98,Daksha Ahuja,+915756924593,lmurthy@example.com,AB+,15.849634,74.498116,2026-03-17,True,76.36
73eeecdf-3e6b-4568-a112-215bdc4a93f4,9fd0ac10-1979-4b22-8c2c-df051340fad8,Bishakha Swaminathan,+916519398280,ckadakia@example.com,B+,15.906524,74.517131,2026-03-03,True,94.89
df4b85f4-0e8f-4f89-b389-aa0821616b40,c3b239ad-65cb-47ee-ac14-cd2a7d3d1e0e,Nilima Tata,+912661797968,ybansal@example.com,B+,12.92341,74.833164,2026-02-27,False,95.75
67082874-e6fd-44b6-83ef-4b82dca2f7fc,5a3c3387-5b2e-423e-bbdc-5fa4592e679d,Ikbal Kothari,+919656101438,sanayaprasad@example.com,A+,12.971589,77.597419,2026-05-11,True,80.75
d44ebd9d-4fe4-4a2e-9aca-2fe40ac64973,0cfd748f-e3ac-45c8-ae4d-e743e2347681,Xiti Dora,+914611254573,epall@example.org,B+,15.153223,76.922825,2024-12-09,True,92.37
c5e65340-a13d-4d6e-8a68-afde5a7c0dea,d37602c1-0b6c-45ac-befd-2c3d920cfcc0,Sneha Nagar,+910512382825,oshere@example.com,A+,15.324701,75.120542,2026-05-25,False,93.5
7156efed-244d-4c25-a2f7-7234efc86648,62d5008d-2d4e-42f7-a971-00e29bcffcae,Quincy Sankaran,+917966033419,yadavrachit@example.com,AB+,13.327124,77.120289,2024-10-11,True,82.79
a531e7fe-2cd2-4a06-8978-ba041dd33835,00b6c3a9-1499-401b-871c-d2d5de12886f,Ronith Shankar,+915969691557,chamelichad@example.net,O-,12.916536,77.615522,2025-09-15,False,78.25
e8b3437a-a3d1-42af-a163-84c87c50aeff,3274eb92-15b3-4023-afe9-0a91d0fd10fd,Dhriti Dalal,+915286692966,vidhiyogi@example.net,AB+,15.83997,74.517494,2026-06-14,True,82.91
c6c0494d-f3eb-4883-8306-6d249c0b72cd,8d5599ca-1f76-4cdd-a48e-6454c59383ed,Ojas Suri,+917905072368,rrege@example.com,O+,16.82979,75.709372,2026-07-15,True,96.64
c746181d-7988-4dd3-9868-f66ff0474015,92983aab-8283-44a1-a227-5e1a89d9c413,Sachi Suresh,+913404384279,hvaidya@example.net,O+,12.259734,76.666671,2025-03-30,True,81.23
16d031b1-4ef2-4f13-b8b4-0c4938da2fe7,a42ab6df-1900-4cee-a699-b68300d54ffa,Amrita Peri,+916134074517,khalsashaurya@example.net,O+,13.056983,77.633919,2025-11-07,True,81.18
684441cf-c707-4fd0-8a2a-f7e0f2476772,e30c6bc7-76a8-4534-abf3-03bd48ef55f1,Priya Gandhi,+919584982544,yoshita12@example.com,B-,12.972258,77.594411,2026-03-23,True,89.96
33c0f8bf-a2ec-4d9e-9804-05f70a403321,2346eba8-1efc-454d-b2a1-f7c3da190a5b,Aradhana Date,+913672946671,rauyutika@example.net,AB+,15.134348,76.892937,2026-03-30,True,85.22
62b67eb3-3b46-4309-bd35-48342994521b,985e1482-8b0e-4a51-9190-d623e6c5a950,Jyoti Sha,+911751863637,ekantika45@example.net,B+,12.98829,77.570158,2026-07-28,True,87.22
c42e00bc-abaa-443d-a6b9-e0b6ff68c282,73117050-b4c8-44bf-9bf4-15a4bb7d2a42,Vedhika Oza,+910127706324,anushachander@example.net,O+,16.856481,75.705571,2026-02-21,True,88.27
19d140d9-e84a-46dd-b662-76dba65f89b8,56711c49-42a2-482f-8e6a-1f9385a0c977,Zashil Butala,+914361103712,zilmilsaxena@example.org,B+,15.881792,74.503837,2026-04-01,True,75.44
a4c5e97d-c44f-4da7-a33b-7b678d4a51c8,b8877908-7848-4a3d-88fd-d59300284d29,Hemal Dara,+913611155426,lukebiswas@example.net,O+,13.017624,77.616674,2026-05-03,True,76.45
72943e63-cd95-4d85-8844-ce364cc5c4c3,6fee88e4-ba59-4e5d-a3a8-8755a4bc6628,Nitesh Sarraf,+919731121965,ymurty@example.org,O+,12.289576,76.646179,2026-03-03,True,96.5
e4837aca-a8ad-4b0f-ae18-d7000532cf83,76e009d7-3c57-41bb-adcd-8eca9c5cfb5a,Aradhana Chad,+919404389836,chatura37@example.com,A+,13.033543,77.615149,2026-06-18,True,83.26
e87ee030-c7a3-4c2e-a36a-7a882c5bd49c,b1feecfd-a2e9-4197-9302-8fc56e462b90,Wridesh Tata,+915269658271,birakshay@example.com,B+,13.02081,77.638458,2024-03-21,True,85.81
81814f0b-7afd-44e5-8904-79696b195144,36b6c5e4-b5d8-41f0-ab00-8800ed607c2a,Balveer Bhasin,+916661889241,farhan83@example.org,A+,12.978679,77.593888,2025-07-12,True,92.92
16a57671-e58f-42a8-8480-4da385896cfe,f3460670-cc3e-404b-813a-86d4a44d2a69,Mahika Bhatti,+913161799042,aroralaksh@example.net,B+,12.969222,77.59464,2024-08-17,True,85.01
2e98a5ad-0583-4577-815d-ce85512b06ac,057dde87-e49a-409e-9ef0-2e3ed2b60d78,Nihal Taneja,+912524105648,lallfaraj@example.com,O+,13.951888,75.579123,2026-01-25,True,72.34
e6d335bb-3d80-43ed-a266-0e3f9a888093,2451cc86-50f3-40a6-96fd-b09cc84f52cf,Yasti Parsa,+915241913800,kondachakradhar@example.com,O+,12.952134,77.608282,2024-12-26,False,79.74
04c54e7a-9b5d-4a78-a0d9-61edf7286e46,cc46e247-da19-48e1-9d01-125897f400ba,Leela Doctor,+913536541951,golaudant@example.net,AB+,16.837671,75.69622,2025-10-28,True,87.67
c16eb73c-3b03-488d-ac2f-0689d3f6089a,3838e20d-49ed-42ab-83bc-e40b0d863521,Nandini Biswas,+911870534949,ucchalpillay@example.net,B+,15.360304,75.135457,2025-08-25,False,89.0
5fcfa0bd-c597-429d-8e93-05a21f733191,cf47fd9e-ebca-45ef-8d19-653716faa4b0,Rohan Korpal,+913850506413,oniswamy@example.org,B+,15.36524,75.120632,2026-02-21,True,77.09
35c97a62-acca-4895-9c05-784eee638bb1,0090e743-7dfa-4815-8aa7-98a9e9372aa0,Ati Chander,+915719182619,sarankalpit@example.org,O+,12.966943,77.591017,2026-04-22,True,88.84
13be04b9-0c98-461c-8f02-74ea1fbdfe08,1e205d93-3c1c-4d7f-b260-0d2693b47483,Advika Murty,+914313291212,ushukla@example.com,O+,12.276068,76.628386,2026-02-21,True,88.74
24a408e7-e5ad-4580-a18c-7ae0bc3becc7,eb5684b8-543c-45b0-9f41-50d5fd0661cb,Ishita Johal,+911124903521,ishanirandhawa@example.net,A+,13.346972,77.130296,2026-07-04,True,87.74
a3f27d15-287b-4f6f-8da9-485a1cd46aec,c43d713f-7104-4961-9511-394673151f8a,Chandani Lad,+918831712100,kalpithora@example.com,A+,12.970628,77.594845,2026-07-06,False,95.93
7317a0fd-d951-4eb7-9fb6-a44df09a147f,b60b0fa5-148d-43d6-ba8f-163e3f71c78d,Frado Lad,+917215107029,frana@example.org,B+,13.322893,77.116615,2026-08-06,True,94.29
ed3921d7-4773-4ab9-98b0-c80f3858328a,41c92d9b-e6e2-4791-83ce-a9c5001307a2,Pooja Gera,+914720999347,dsrinivas@example.org,A+,15.841615,74.498997,2025-10-31,True,95.12
35ae6658-8e02-4ea5-a305-4c232d2b7406,718bc8da-462c-431d-89aa-c37fa97f9ccf,Leela Devan,+918065787598,lipika42@example.org,A+,13.135945,78.129457,2026-03-19,True,88.29
03f76de7-d27d-4ff4-ba7e-b8c7a9758bfd,39b911fc-5e99-4619-af60-5e2ef0d5e292,Theodore Balan,+915932133480,lipikapant@example.org,O+,12.901168,77.656396,2026-05-08,True,89.42
ba305838-9525-42f2-af9b-17c41b8136d2,da48fd98-3b73-4014-81fe-8bbffb0f36e1,Warjas Nadkarni,+919929378427,chanadaksh@example.org,B+,12.970927,77.59317,2026-02-19,True,88.08
56237cc1-799f-4132-b291-1b53a288e3bb,417fe554-afff-4995-8260-60f1d75d41e0,Anmol Vyas,+913252500292,vorajanya@example.org,O-,12.970988,77.593558,2024-04-13,True,81.76
f9d3daa2-f088-4641-989d-9d21d0f0518b,75b48448-435b-4ade-8d69-5f79e0496d42,Meghana Chaudhuri,+912675289539,kritikamohanty@example.net,B+,12.893548,74.909666,2026-04-28,True,94.87
9d8ebe33-35eb-4c45-8ed0-ed83ec9fb273,55b461db-1411-4a3c-b2de-83ce267ef556,Joshua Goel,+910295939172,faras35@example.com,O+,14.446392,75.918687,2026-06-26,False,79.27
00cfad49-b61a-480d-8174-e5d144c86477,3b0c2bc3-7685-448f-8d43-975aaee87357,Gaurang Nayak,+913154100676,odikatailor@example.com,A+,16.208129,77.340896,2026-04-25,False,95.33
8fc0e5af-8ec0-4420-8788-f4d8b9430ba5,67bf0a5c-c1ea-43f8-b54c-729714d7f3f5,Keya Chaudhuri,+917104054115,keyadyal@example.net,O+,13.006093,77.53485,2025-03-06,True,88.54
88ab3ed0-ad60-428d-b80c-ffacf52a6a91,7a35fdb4-a1dd-4c08-9515-c554b1606da5,Girik Nigam,+919620153368,baghyawati43@example.org,O+,12.915018,74.858029,2026-04-23,True,71.31
8987d081-8264-4d1f-a0a7-1a2c07bdfa66,6960a866-1124-4e3f-8579-cf6cc9017988,Maya Swaminathan,+916149731032,finn71@example.com,O+,13.030299,77.582948,2026-03-18,True,77.18
f3d2e55b-dc19-468d-b996-60a10849d551,d3639094-23eb-4d8a-8bcc-51156452d94d,Urishilla Suresh,+912565270477,upkaar49@example.org,A+,17.929565,77.506022,2026-03-02,True,83.85
b741c331-caaf-4a19-836e-cca0d6098976,0a81d6f1-47a9-4cee-936a-80a0eb3d3384,Gunbir Chada,+913806868793,fmistry@example.com,AB+,12.952772,77.591233,2026-02-26,True,77.5
25a525ed-d7eb-4e2e-8897-892c6885f39f,11487a0e-4a74-458a-93ed-50de4dd270ed,Yadavi Varughese,+912332061632,ekaja11@example.com,A+,15.803079,74.48041,2026-04-29,True,92.89
ebd403ca-f944-464d-a013-eaffd381df52,201f6f19-64e8-4c76-bdc6-1a4aaf94c932,Eshana Majumdar,+918616229991,chaudhuribhavika@example.net,B+,13.025937,77.668718,2026-04-16,True,96.54
2015a23b-d83a-49a2-beb4-fba9f88d465b,746bc837-85d3-42af-8e1d-f39f14fcc3a0,Nirja Lalla,+917024629960,snarula@example.org,B+,13.310214,75.776604,2026-08-01,True,70.85
3afddc07-3f41-4b1d-baeb-e2620b0b8053,a730d310-a229-46b7-97a3-1ad6dae4d57e,Vaishnavi Luthra,+914471324754,mchakraborty@example.com,O+,13.300646,75.750153,2025-04-26,True,84.17
a07250a3-56a7-45a9-b4e1-f4f1b882f96d,c82d6dfc-075b-4bbe-81fa-a38a33ebe0d1,Niharika Sundaram,+911486289023,dalbirkrish@example.org,O+,13.908383,75.572458,2026-05-12,True,95.05
2b9e9f08-0e77-49bf-9465-a391d8b9159b,a53c409b-d2cf-4c18-9e15-9e3604cb1c95,Chandresh Patel,+918610357972,wpalla@example.org,A+,12.879094,74.849669,2025-04-11,True,77.15
4957f1f3-cc17-453d-9eb2-2bd1f661ba90,3ce4cfd9-6745-4d53-bd25-2a11a7e30c75,Gautam Mane,+919333346800,pdeo@example.org,O+,15.874525,74.508447,2026-06-04,False,85.46
7c9ab3b6-a347-4e95-b34f-6ac1c3a4a05a,46779d02-9b50-4335-9bfc-81d1e4035093,Udarsh Krishnan,+915743748969,ambleyasti@example.net,O+,12.968634,77.59605,2024-12-14,True,90.05
9748a87c-b3e7-4371-bd52-3ac760d64220,987d53ee-b667-454f-9dbb-13c04faf58ee,Barkha Misra,+914544432830,rnagarajan@example.org,B+,15.374328,75.12099,2026-03-11,True,81.71
2911ad2c-f12b-4448-b12f-1ae44d00d77f,446d635e-5aee-4a1e-be09-6e3ccc0aa8fe,Widisha Merchant,+910993538758,onkar82@example.com,B+,12.323502,76.636006,2025-12-06,True,91.99
853c83be-0103-410d-b69e-76e1d25e94ff,ed6e2ec5-1170-47ee-9a54-2c162ccd971c,Urishilla Dave,+911353465549,ubika17@example.org,B+,15.846026,74.45678,2024-08-03,True,89.28
29ac8625-32d1-4e87-8b76-3004dc2955ba,a0db5d64-33f9-4de8-999c-dae0b4c1c873,Urmi Hayer,+916022356972,pranit17@example.com,B+,13.947991,75.565843,2025-09-28,False,93.29
f1b4b4cf-7f9a-402a-852b-52ba6d8be339,4b5ce3df-ceb0-46be-a437-8d6878610bae,Dhriti Bhardwaj,+912927129666,ysood@example.org,A+,12.302478,76.64133,2025-04-02,True,99.67
a8510106-3b51-43b3-8112-226543e5a7c5,a325a024-c0d6-4f68-b6ad-cebc52be2969,Ryan Prakash,+910033542168,oliver10@example.com,A+,12.91421,74.850537,2026-08-05,True,79.96
74ae1dc3-70e8-41cd-894a-9a29dec93d42,7bd45240-e865-49ff-9e7f-4817e2b58095,Tamanna Venkatesh,+917532603323,thamanomkaar@example.org,O+,12.985342,77.582857,2026-03-26,True,75.6
30cec1b2-9487-4e99-a1ea-0b5cf96cbf2d,a86ef4f0-39a6-47b9-a513-6ee90a208984,Baljiwan Prashad,+919010016761,urvi23@example.net,B+,17.332744,76.823886,2024-12-06,False,88.07
fa354efc-edc7-4a0d-a0b7-8574bdacd33d,63ebb074-24f0-4b91-80ae-c4badb920d45,Charvi Salvi,+919261891411,missac@example.org,A+,13.924663,75.579343,2026-04-05,True,91.53
b3386ead-66e9-41f7-932e-32d83620b6e3,a5d32a63-981a-4dce-afc6-ae3e89073387,Saksham Parmar,+918737530011,fdixit@example.net,O+,12.94791,77.602987,2026-02-25,True,78.24
c2c43acd-3eb7-464a-8416-ea3d2dab8a12,fd3c7cb6-f6ef-42a6-a0b5-1516e2612512,Harrison Kunda,+917012045561,bathaditya@example.org,O+,13.165357,78.145065,2026-05-17,True,70.93
09484309-2d2f-4580-834a-54639a6a01bd,a137a8d3-cedf-49f8-b928-1e7515374ace,Falguni Parmar,+915521667467,hganesan@example.org,A+,13.321326,77.124271,2024-04-24,True,81.49
2c30c83b-41ea-4ba6-8210-68501aa946ef,e1558255-ac76-4bd3-a2e3-c6475f839d5f,Nathaniel Chawla,+917296590277,sabharwalridhi@example.org,AB+,12.903094,74.832366,2026-08-02,True,85.88
7a7139d5-9edb-4d54-9a3d-08778000dc74,f7c4c4f5-2113-48d7-a069-87f09a80dcd2,Advika Murthy,+913588916375,jdixit@example.net,A+,12.295871,76.669087,2026-03-12,True,97.41
717f0296-301f-47ce-be30-5a24c48ac796,4cda24c6-c1f5-4007-a7bd-de6a3b5164a6,Advay Dugar,+917535408386,fkeer@example.com,A+,12.952142,77.527391,2026-02-15,True,84.74
68470658-d429-45fc-94fb-514b7b73c1f8,7eeba3b9-9560-4ae4-a70a-b24597a6ce20,Sara Chakrabarti,+917016608801,yashoda83@example.net,O-,12.894085,77.619322,2026-07-31,True,99.03
35be72bb-e6f9-45fe-b3b0-b83c30ddff87,58ac28ff-cfa5-4462-bcd7-1e2b233c825d,Harita Patla,+918997571130,isha48@example.net,B+,13.131818,78.112483,2025-04-12,True,91.35
ade38cce-086d-46cc-83fa-af6db341fb8b,83f9f068-4972-45c8-b41a-553acf442cd3,Hitesh Bath,+911493316373,hritik60@example.net,B+,13.320447,75.75614,2025-07-23,True,77.1
ee626ae2-fabf-4d57-8b0f-a044db0faa56,9ff1f464-fcc5-4597-99ca-aa78f5be3c72,Shravya Shankar,+910869782922,ramekanta@example.net,B+,15.35565,75.119418,2026-04-28,True,72.59
ce541307-691b-4571-8597-21df9f3f28ed,4cfec9ff-4f38-4f69-884f-06eab45b1b6d,Omya Kothari,+917226984858,saikadakia@example.net,B+,12.950604,77.485856,2026-03-02,False,99.17
febe522b-8063-4c37-94da-419a1b8785aa,ae4f8176-0bca-4cb1-ac02-86f6ea800e23,Hemani Deo,+911587996846,virkhredhaan@example.org,B+,15.843331,74.483605,2026-03-05,True,75.46
e08be36c-6d76-41a2-8bdf-0a4bc4845103,69ffa150-3801-4520-b0bb-1e605066add1,Maanav Bera,+914420438057,kapurlopa@example.org,A+,17.917152,77.515441,2025-09-10,True,74.86
1bdff223-274b-41ce-8499-30abcf2c33c6,333d0330-f19c-4d83-8136-ad30d1545719,Champak Raj,+910043973598,rishimenon@example.com,B+,16.171435,75.663167,2025-11-25,True,89.05
7ec7c92f-383b-4721-8cd9-47186bd87e76,1dcc20fe-6327-4720-b866-c8d003c5953f,Falan Grover,+910648422940,unnati20@example.org,B+,12.913612,74.857452,2026-07-21,True,87.42
56ecee1d-f670-48e1-af4c-e52cca1ab1e0,87665142-b83d-4e8c-81b2-0a5b52434e79,Charan Mitra,+911583281826,wchanda@example.org,B+,13.009415,77.567145,2026-05-09,True,70.85
61b033bc-e243-4290-8b07-66199bc38a6a,467e53b0-6a27-4d8a-ac3a-07c795c246e5,Garima Narula,+918780157399,balveernagi@example.com,O+,12.928533,77.571459,2026-03-22,True,70.91
b357b0ef-1b23-4172-8b38-5d2a155db89b,3bea0ed6-4538-4186-840a-ad08cf1ec7ef,Libni Kunda,+918877043581,ganeshabhimanyu@example.net,B+,13.333294,74.732417,2024-03-14,True,83.61
416428b0-dce9-409c-be94-b22278026753,29fb9dd3-d2de-44bc-939c-58425917a933,Shivansh Kala,+916120750110,zayanbobal@example.net,B+,17.327734,76.835507,2025-09-19,True,91.55
f8a35593-7a58-4ed0-920b-228ded890100,22901062-74b2-48c0-a646-7a49003a460f,Aarna Reddy,+915061809190,parmaryadavi@example.org,A+,14.491584,75.917421,2026-06-01,True,77.25
9d2ce43e-0382-4fff-bb1e-e61aeab84aef,12e228ed-8de1-4c0b-bb73-65a9450ab9f3,Charvi Chadha,+910728326842,kashvi08@example.net,A+,12.987835,77.614966,2026-02-25,True,98.88
d7bcc0eb-b41a-4042-9dd2-f16e18fa07a5,1b1abb31-03ab-46d3-b26c-4b4f529a2fb3,Jatin Barman,+918814353682,qarinkant@example.net,O+,13.02953,76.090087,2025-09-03,True,85.44
c1de7463-c05e-4b10-909a-6e4501c324f9,78eea861-f507-409b-9ae4-8872560dfe12,Rishi Contractor,+917814141397,ishanvi23@example.org,AB+,15.372215,75.125143,2026-07-12,True,80.59
3afee642-f1e6-4a87-b9c5-dfd09245cd3b,58c77a96-8a05-4438-8433-ec60bcd21acb,Ekaraj Hari,+919492995562,munshiyatin@example.org,O+,12.994121,77.573528,2026-06-04,False,73.22
c1cba5ee-df22-46d2-be87-3e49ada06362,21a6783a-1207-4df9-9fa1-5e23391794c1,Aradhana Parsa,+917547812914,ronithlall@example.net,B+,12.965039,77.602162,2025-12-23,True,75.84
11da1540-8f2f-430f-9bec-f7c0246f6ce8,a1f7841e-3ee1-459b-a6f1-1508796f8c92,Faqid Bahl,+919308488725,xkapoor@example.net,O+,12.913526,74.855984,2024-05-16,True,73.56
e453ca61-9765-4490-9c6e-06ac324e39db,336921f5-7945-4e82-93b5-380c4fb6de19,Krish Shetty,+910392827229,vedaparmer@example.org,B+,13.138075,78.123156,2026-04-26,True,85.27
6056514c-ac58-4f0d-b04d-d638c71c2703,4270cacc-c63e-4c18-a664-56912d40a1dc,Vinaya Kata,+910385677005,vermaanusha@example.net,B+,15.364857,75.124189,2026-06-14,True,96.79
fc9b4206-75e2-43e9-b5e6-a02bd30c8af9,84a5a50e-5369-43e8-b63b-d59b3d9361d6,Owen Puri,+918463865577,thakerliam@example.com,B+,12.931896,77.683302,2026-04-06,True,85.22
e0762941-daf4-4027-a768-f852722f672d,d753cfa2-f56d-4ae8-b2a6-46413c4430ca,Victor Bose,+912591365177,lkade@example.org,B+,15.348593,75.117029,2025-03-11,True,99.4
aef744fc-95c4-4e84-896b-f162bc0afff8,69f2a229-bfd3-44b6-848c-7f0fcbdf41bb,Anthony Kohli,+912280920242,ubahl@example.net,O+,12.907631,74.813534,2024-10-16,True,89.67
269d223c-0b2f-4654-a570-fad84ed0278e,51188d9f-feec-41ad-a504-989a2abb7b8b,Frederick Kalita,+912369292984,hemasetty@example.net,A+,17.912292,77.533899,2026-06-05,True,88.59
06dc9480-c943-41a2-a451-855c279b1065,02c55032-d6d6-456b-8b2b-01a46c407d49,Victor Radhakrishnan,+913886291279,waliyahvi@example.org,A+,13.929414,75.567022,2026-04-30,True,83.23
223e7d84-cf48-4373-bc48-343895746162,7cdb5377-71a3-4aad-a6f6-e386df4da559,Vasatika De,+915086376599,sandalkrish@example.com,B+,12.299467,76.651989,2026-03-15,True,92.08
a59f29a6-cc07-4f84-a27a-d800e1871153,90bb2e2a-f15c-49a9-84be-95c10af7683c,Viraj Chacko,+914300981806,diyarege@example.com,B+,12.972411,77.597631,2026-03-08,True,98.7
dbbd2d14-49a2-4001-9838-0acf18edfada,e27758dc-a9b4-4467-8c4b-db1238e16795,Mohammed Sandhu,+919594636887,kamalasule@example.com,O+,12.276326,76.633436,2026-02-16,True,90.8
86e21287-7863-4d5c-a418-2d6e9e1ad85b,d1dac050-4099-4b09-97c0-71a9260d905f,Hemangini Rao,+912138658902,zahluwalia@example.org,B-,15.849771,74.501069,2025-04-15,True,91.15
99d02b1a-11aa-42e1-8d51-9146e4019375,010ba7ec-0222-4946-b3d3-32d6e1b67ebe,Urishilla Saran,+915190669849,gillwarda@example.com,B-,17.31244,76.836607,2026-04-09,True,87.2
0df8c6c1-9cd8-4262-be3f-0d82c241a44d,6ac3aee6-9301-4934-bfff-b2b229128c36,Saksham Vasa,+918839205302,majumdarmugdha@example.com,B+,12.873321,74.88865,2026-04-26,True,78.63
aef63a58-3b94-4bc2-a011-45885771b5b1,5fd0e9dc-1255-42a9-b3a2-d2f6b475f0ab,Nidra Iyer,+914895543937,qagrawal@example.org,B+,14.459402,75.923755,2026-07-17,True,78.13
efb2b83a-f70c-4d5a-996f-64ceb6027af7,7bf1f007-4cff-4da9-aa99-ef051ef7644b,Yashawini Chhabra,+911848947697,harinakshishanker@example.net,O+,12.918771,74.859926,2025-12-24,True,85.93
5953046d-e45a-4da8-9a76-4da2b886a52b,7094c5c4-23a8-4bf3-b872-60356874f484,Ayaan Subramaniam,+913356588043,girik65@example.org,O+,15.849432,74.497869,2025-09-26,False,86.51
4465ccfc-dcfe-4f68-877b-c5aa1634ea57,62e42646-42f5-44b4-86f1-d741a67177ff,Vamakshi Murthy,+912373334333,ishanidugal@example.org,O+,13.322655,75.769086,2026-07-17,True,78.62
5fc0726b-fe50-4c6b-8fc0-acdf8aef7276,8d2d322d-ad85-4e50-bab7-04a344abd188,Farhan Tailor,+915957947284,wkapadia@example.net,O+,12.971678,77.593921,2026-01-06,True,75.25
a5dc0db7-37b8-4220-bbee-b4f6b0bb4a33,98d46b0f-7175-46e2-85ad-9f1fd9108878,Chatura Vora,+918562718750,kadeladli@example.net,AB-,13.34228,74.741316,2026-06-09,True,92.47
18a8e48f-06c1-42dd-9e59-d229b4d650da,3b682015-3925-4876-9f8e-dc868ce938ff,Eshana Pathak,+913479552763,xpradhan@example.com,B+,13.344662,74.743027,2026-04-02,True,99.67
feac0ea4-5f44-435b-bd10-e135e89ca528,881f2384-c453-41c0-9792-8808b277ec7e,Shravya Gole,+914386632270,oviyatata@example.org,O+,12.930511,74.849157,2026-07-18,True,79.92
691cddb4-b2db-4b59-8630-6b6a0c02ebe0,e2152e58-5dff-4652-a1ca-ad3727fda07f,Vidhi Mital,+916120347175,jalsa58@example.net,A+,14.461162,75.905074,2025-04-17,True,92.72
85e4be57-c2e9-424f-a217-0bd6ca2abc26,24e2c99b-8af4-464f-94c8-819a8efe920d,Hemangini Bahri,+913998245587,ybrar@example.net,O+,13.036826,77.544043,2026-07-31,True,72.86
b56880b8-70c7-4cd3-8c26-eba9dc2c1afa,137c3f01-548a-41bd-8ee2-133d848a57f5,Ubika Dhillon,+919611253554,megha47@example.com,A+,13.14496,78.125963,2026-06-15,True,98.62
c751c7b5-6004-410e-8623-2a470904e7e2,c00417ad-18d5-4a3d-a3b2-b2d0c581e9d0,Odika Ganesh,+914132611178,balmekhala@example.net,O+,13.031725,77.599041,2026-05-07,True,83.96
66ebf335-b21b-4093-95c4-87968da88cad,62994567-84b0-453d-8447-188204b6843e,Hemang Lala,+913347228200,eshana77@example.net,O+,13.020189,77.568443,2026-02-15,True,97.48
16014855-47bd-4874-aff4-764c4839a511,f148348e-94b7-47e7-8e6d-9247d82411dc,Sai Deshmukh,+919688457831,xmorar@example.com,A+,12.980277,77.639928,2024-06-03,True,91.06
18155546-2a11-4998-8cf6-787e4295ed6f,be012097-7990-4cb5-823f-bffd0796e6df,Nachiket Mitter,+915478077406,vihaan08@example.com,O+,12.531212,76.8746,2026-02-16,True,96.19
b70be8b1-d938-4d5d-aeb3-aed89766db50,7f2bbb5b-7459-4375-838c-206f4fcdb54f,Nisha Sarkar,+916341638944,nitara31@example.org,A+,12.964339,77.569676,2026-08-04,True,97.09
e01a8b2d-9967-44de-857d-2954e26f144f,0c5c5867-557a-4cb9-8063-c831f8bfa6ea,Bimala Choudhry,+919735020802,mandaamruta@example.org,O+,12.989638,77.625693,2026-05-16,True,87.49
1b9c9575-7d00-459a-b3f4-1029028c8da8,75808b6a-4fa6-454d-a52f-7ba54eeb79f9,Abhiram Kaul,+913564757051,dakshlata@example.com,B+,12.983213,77.563764,2026-06-14,True,86.76
30ecd581-950e-447b-9a8a-f1f382a882f2,bc69cb88-d3fc-4e6a-9fcf-0f7a0ecdaa93,Upma Golla,+911367303718,urvashiramachandran@example.net,B+,17.337208,76.835383,2025-07-05,True,71.36
2e06db1b-e258-431b-a7a6-16dcfc7e92ef,8921e550-2581-4c29-b94d-73d0856aefc9,Ekantika Dutt,+914743503136,alexander24@example.net,AB+,12.972362,77.594571,2024-10-18,False,82.27
34d21d76-b6aa-4635-aa60-f9919631f41e,537b7d11-6795-45f3-8314-45c890e13b6e,Meghana Kibe,+919251327195,bhasinishani@example.net,O+,15.161487,76.918266,2026-06-24,True,97.51
9616e3a8-6821-4361-afbe-749d4963819c,5f4fc460-7499-491b-b9a1-11819f11c5c4,Hredhaan Dass,+915730652407,imenon@example.net,O+,12.972724,77.594336,2025-02-22,True,99.79
fad50289-e513-4c02-ab48-c3b2e98d44d0,1fb3b82c-ea3c-4538-a497-6840e4eae4b3,Ranveer Grover,+919821827448,sudiksha08@example.com,O+,12.974224,77.594238,2026-04-06,True,91.57
aca7a0ae-7ae8-4884-9136-c1a82c505953,b40d568f-b00a-4b8c-8acf-547fcb3a98e1,Anirudh Patla,+916387829456,indrajit18@example.net,B+,12.297203,76.650579,2025-08-04,True,91.75
6ffa0442-065d-48ea-8e4c-1cd610e58ef2,cf853b41-9bdc-4cf7-8f69-5b2f5d78d070,Caleb Dayal,+917310967899,chandran53@example.net,O+,12.907014,77.631449,2026-05-12,True,72.02
2bc78ab7-1b57-4284-a6d8-d3af46a96fb8,9f9177be-9f37-4d0a-bd7e-380dc02c7303,Agastya Joshi,+915865094801,faras38@example.org,O+,12.90715,74.84263,2025-12-30,True,77.03
90c92808-9fd3-4966-988a-a8b2733ba1e5,0277020f-305a-4e37-9378-756c10b38d86,Vihaan Wali,+913928861957,kchawla@example.org,B+,13.049482,77.624195,2024-07-04,True,87.94
133a3641-45a3-4a50-8c26-60105fcc3106,6525018c-503b-4445-a193-32bb89dddd7b,Yamini Nazareth,+915585566593,keyakumar@example.com,A+,17.327099,76.842381,2026-04-16,True,78.25
fd2ab548-f925-403e-a7f2-e6723dfd1954,ca9e0333-fc2d-4219-be6b-ed0806377aea,Sara Ranganathan,+910824043350,yasti89@example.net,A+,12.911825,74.830953,2026-03-04,True,99.17
d9cc9123-2032-4fa8-b717-2b5f1c446096,137fa3eb-1d53-465f-9b3e-7af7a2eecbe6,Girindra Barad,+914593344196,farasnair@example.com,B+,16.173024,75.646148,2026-07-23,True,75.52
ece51c7e-f376-4868-9457-21af69e83fe9,9cd90245-2fd8-4453-9c7a-1fabfeb2fa4b,Vinaya Chandran,+911055661390,tbhagat@example.net,O+,15.365451,75.128987,2024-10-27,True,86.87
8ed84504-c66d-45ac-bb97-b70035489b1e,44cc5819-9724-4df5-a0ee-2576944dd986,Eiravati Zacharia,+912067998136,meera22@example.com,B+,17.918773,77.529767,2024-04-22,False,83.49
8730e51c-d292-45a8-8b2c-250caad48098,51de4415-0087-4ca6-a81a-12b6632c0eac,Vamakshi Bawa,+918622783769,yatinkibe@example.org,A+,12.988415,77.562934,2026-05-26,True,96.21
35ba7502-aa44-4696-89b3-11375e00490a,7a27f8bb-b967-4c66-bb3f-49cd9da10549,Qushi Naik,+915535590425,cdhingra@example.org,B-,12.960954,77.527518,2026-06-30,True,97.27
b3c7152c-5ec2-42bd-b010-2ac371ee0e5d,83af59e7-8e2a-47b8-b5f8-b75aaecfd508,Ryan Prakash,+913924051477,narulashaurya@example.net,O+,12.971309,77.589024,2026-04-13,True,91.11
93912974-4ba5-4751-b03e-613440e8a67e,0f959686-d814-4e57-842c-6798d0a7bedc,Samar Virk,+912069804204,anikabera@example.com,B+,12.293709,76.643831,2026-05-20,True,77.85
dce9fb61-073a-4688-8cf1-50bbb6d54242,48940ba8-8735-4cee-9486-38dac93cba71,Ekalinga Rama,+914636815798,grewalrushil@example.net,AB+,15.3793,75.134799,2026-07-02,True,81.12
63245c5f-92d0-4c7a-9445-c3c064d503b1,23396bde-9ead-40ac-9896-6bd80307f675,Anthony Baral,+917620555438,david46@example.org,A+,12.299819,76.661942,2024-06-25,True,82.53
43ffbc09-b075-4a4f-9f2a-fb96b06f8c4d,b7f28164-144e-43c5-85db-410d0d01c4db,Umang Doshi,+916893639264,saumya82@example.org,O+,12.960905,77.604927,2026-05-20,True,80.13
181ccd96-e321-4cb9-b90f-ae568f946631,de459f99-12f0-444a-95bb-1f28cb63e43c,Samaksh Devi,+912925188125,ayushmannagar@example.com,O+,15.137758,76.911256,2026-06-27,True,91.61
fbbfebb7-6e22-438d-8053-b3ecf2666544,96038e67-a1fc-4a3c-8c04-85e8ce1d4c9a,Chavvi Savant,+912209949993,vihaanbal@example.com,O+,15.312634,75.109361,2026-01-10,True,72.23
dfce5926-b8ec-4d6e-b6c3-b7494242c9f7,ac5059ff-b555-424d-9049-450e087b1345,Vansha Desai,+917722330604,vkapadia@example.net,A+,13.930055,75.568106,2026-05-06,True,70.27
993fff41-6a95-4279-852f-4927f9aff85a,4a380d6a-4c11-42bb-ab0f-b98850fa9513,Samarth Bhatti,+915736609656,vermaikbal@example.com,O+,15.356803,75.116517,2026-03-14,True,70.47
05fad418-7b7f-4ab2-94ab-77677c2f7ee3,ff7c2869-2525-468f-84ce-41f15c7a405f,Brijesh Korpal,+918034764472,nmenon@example.org,O+,15.377375,75.125386,2026-07-06,False,94.39
db82a236-40fc-4afa-a82e-ddfd4fe63ff9,dbd35515-9afa-49fb-9e90-aa3a88e15359,Ubika Seth,+919826657027,suhanichana@example.com,A+,17.365796,76.810228,2025-09-14,True,88.59
8de9f9ec-d90b-459e-afd0-b2b9a2b72887,63db3bba-70af-4c14-853e-44cb825df894,Nihal Dasgupta,+911868926860,gautamidoctor@example.org,A+,12.976256,77.578129,2026-03-17,True,99.71
45d42632-f35f-4658-965d-2bcbd691e179,66ec3987-3f82-4276-99a6-c1e4351ce523,Praneel Behl,+914212309407,itara@example.org,O+,13.003085,77.548853,2026-05-10,True,81.38
e5d82e90-6311-4413-b03c-2ffa2c813493,ef6a6171-575d-4ce3-8bf1-9f6c08375d1b,Wazir Kalla,+911990384983,goyalmanbir@example.org,A+,12.914453,74.856022,2026-06-17,True,79.94
4d726be4-a9a9-425d-aae5-df2409d8d668,3595e167-ed30-45d9-9969-185c801aaa17,Balhaar Dhillon,+915101622499,tamannaparsa@example.org,AB+,13.16332,78.10814,2024-03-07,True,84.27
2508dea6-16f0-497e-bb5c-dc178a6b0a12,c8cde1a6-8c5e-4a48-8bff-0806cc9be748,Chandani Naidu,+918147214586,shauryabhardwaj@example.org,O-,12.972497,77.594135,2026-08-07,True,95.51
c2f77da9-afe5-41bb-ae21-8ee271f5d811,9e74f118-b398-4d2b-b1d3-1f9f4e85a137,Veda Mani,+918995299787,ngole@example.org,O+,12.975521,77.599734,2026-05-05,True,86.92
701105cf-b0b6-4e62-9097-48952bb413f9,70109bbb-b35b-43f0-a043-b0f049002ee2,Rishi Agarwal,+913966055830,baghyawatikumar@example.org,B+,12.893294,74.812748,2026-07-25,True,90.68
b159f021-4931-475f-af5f-82bc724e1433,110f99d5-5aec-4493-9e60-f4c8776b8813,Charita Toor,+915699023557,pbanik@example.org,A+,12.935505,77.648475,2025-11-28,True,93.07
8266851c-424a-4e2d-b77c-79ea56637c70,c5d4c33e-32f5-4fdb-87d2-822b7f4f61fc,Nachiket Sharma,+918495880395,dominic24@example.org,A+,16.208606,77.339272,2024-11-09,True,80.67
a2dd58c5-f1b1-415c-999d-e88dd420fb4d,05e64c66-b079-4b41-bdde-b970fa518a00,Keya Warrior,+912914504617,kamyaseth@example.com,O+,16.165702,75.656518,2024-05-21,True,77.39
8b92f647-52ee-4889-b9fe-7a3ac2f46c14,d8d2debd-e7b2-43cd-8e83-5a337a006354,Chasmum Gill,+911780782357,falak21@example.net,O+,12.964236,77.601697,2025-01-11,True,73.2
b6843c00-8c01-430b-9de3-b3d641059f93,7149654c-3591-4a56-b9ee-5e4ea3c39711,Samesh Bansal,+910409157018,arin94@example.net,B+,12.963319,77.604883,2025-08-06,True,86.71
1708377b-f7ce-4970-94fd-20d09acbb7f8,2c451048-9aaa-44ed-8103-427caaefdcbc,Ekani Iyer,+915714224109,jhaveriinaya@example.net,B-,15.365596,75.124587,2026-07-01,True,70.37
6ebf3b1d-e2d5-4104-9a27-cec332b95768,295e2b09-4d5b-4cc7-95ab-868e5f006d7b,Anika Dhaliwal,+911495870207,cherianleela@example.org,B-,12.289465,76.598724,2026-04-13,True,75.09
701a6514-39f2-4186-93ad-3ca541613ce2,fb6212e5-bd6a-47c1-bf63-2ef2f6c2b013,Pooja Ramanathan,+919545381792,sidhugunbir@example.com,B+,12.970623,77.597612,2024-11-25,True,78.99
fc9e5a69-a86e-4394-9afc-259c2e1c7a94,1e7d5be6-d715-45d5-aa37-e4dff2782be6,Udyati Singhal,+914562557701,wchowdhury@example.com,O+,15.144811,76.919351,2026-05-25,True,73.21
e7631379-bb38-414d-a5b5-cfb62a7ee9d7,0622ebd4-a93e-40d6-a7e8-6c907cbe7629,Onkar Mandal,+918161581487,psachdev@example.net,O+,12.923022,77.682359,2026-04-02,True,82.92
c3e0d50c-08bd-43a9-87cd-75b80204c08c,52a53799-5c6d-4e10-a2b5-25e6ca99524a,Nathan Subramaniam,+919669583219,lcontractor@example.net,B+,13.916099,75.558516,2026-02-15,True,79.43
3cc201ed-b053-43b2-a2ae-f7591903174d,59920812-14da-420a-8c21-21b8b6e990fd,Eshana Chatterjee,+911919657013,aadidin@example.net,O+,17.901637,77.55446,2026-05-30,True,79.78
2e021460-5cf2-454d-8279-f3e372fc6482,b5585a86-e0d8-462f-b797-b7c33fcaadc1,Sneha Wali,+917335494651,uppalnetra@example.org,AB+,12.925262,77.648526,2024-08-04,True,93.03
91adf856-54e6-4858-b995-3f6cd635c306,760fe846-8756-4be0-ab7c-2ddb993bb0ca,David Pingle,+911403696566,isaran@example.org,A+,13.028663,77.572672,2026-02-15,False,95.43
ef11cc67-c6ef-41ee-89e7-8b8409ee3f7e,d35bfcbb-fa9d-44c5-a48e-13a13d7365f9,Vaishnavi Dewan,+916242201027,fdeshpande@example.org,B+,16.841531,75.72416,2025-09-09,True,93.67
58a87dea-fba7-48a2-8835-e6308a7c2871,d6c84131-b4d0-4b6a-a898-00cbe3079a70,Tamanna Sandal,+918765326909,tkhalsa@example.net,B+,12.866198,77.608793,2026-05-15,True,71.1
e246afd2-fd11-44f1-8e30-8bd6fb41a151,b0c9218a-67f1-4cc1-8cba-48ea5e48f1ca,Nirja Peri,+915197128478,virkgaurang@example.org,O+,17.917665,77.501401,2026-05-01,True,89.73
a8b1733e-fc06-4b1c-8b7a-38e497ed11a6,0dcf8235-87c9-4470-903c-8d9db62178ed,Faras Zacharia,+918077879565,bimala20@example.net,AB+,13.019073,77.60852,2026-03-24,True,79.95
5d68dfb8-b381-4260-b3c1-1eff7eb0b92b,24b523db-9796-470b-bb2f-44096318f135,Abha Bhat,+910490471281,zayyan29@example.com,A-,16.830716,75.710384,2026-03-04,True,87.26
d57494be-7347-47ef-af30-9e2c78ec34c9,31ad5eba-830d-42ed-9f73-8abbd8006bf2,Aarini Atwal,+912752437280,frado29@example.org,O+,12.297429,76.627604,2026-06-28,True,84.48
0599f4eb-372c-46f4-82d3-25c2f8770222,14859a1c-7078-4a26-be54-de48c9d2b385,Nitara Rajagopal,+919504102767,vamakshi83@example.com,O+,13.051515,77.643695,2026-03-31,True,83.66
8a480427-73c5-4537-9dd0-8e806abb9630,11b7924c-6cdf-48b4-ae21-cf09107df39e,Urvi Lala,+914765801856,gautami44@example.org,B+,12.942763,77.599066,2026-04-04,False,71.34
73414214-b73a-4dd5-82cb-03777e21198e,daa8035f-dc6a-4acb-8cb8-d468ad2bc036,Mahika Shenoy,+915258001061,sehgalindali@example.org,A+,14.464378,75.921834,2026-04-13,True,86.56
b3eee2b2-3a9b-4be3-b794-fe27131829a6,d647caa6-8088-4d7a-824b-cae68e871311,Zayan Hans,+910939111926,indrajitgour@example.com,O+,12.948953,77.600248,2026-04-21,True,82.96
4eb4c05c-0f44-4b93-9aed-e61f7349f08d,0f7165c9-7e09-4335-8d04-69c04fe3ad29,Unni Borra,+914214066504,pranav71@example.com,O+,12.986206,77.63822,2026-07-15,True,92.57
c0b1b874-ab5b-4c24-8385-89d7117ac85d,fc9392e1-0277-4766-8503-ab3cb258902d,Maya Gokhale,+916391741011,sanaya07@example.org,O+,16.830397,75.710153,2025-03-17,True,73.42
9a2e5d90-ed4b-4e85-ae72-39d4c9f0daa7,c1013ecb-c6ee-4f6b-a033-854b565d893c,Baljiwan Ramakrishnan,+919087766183,rajagopalanvasatika@example.org,B+,17.346732,76.83042,2026-06-22,True,80.44
89a68e0b-82eb-4b58-9d63-7d5238ad4d7a,f958d484-5c4c-4453-aa04-cfee8442c790,Gauri Mitter,+918517432806,chandaniramakrishnan@example.org,O+,13.343797,77.102985,2024-05-25,True,90.16
c31255a9-fefb-4db7-90da-76affa64aea4,9483cd79-f285-497b-84bc-3aead8e117b1,Vidhi Chad,+913093761847,cbabu@example.com,B+,12.977681,77.600239,2025-01-12,True,74.14
01e1aea8-04bc-4424-b7c2-ac61937a8d9a,47843ac9-deac-4a1d-aff2-b506fc90a0b0,Geetika Basak,+917829310270,pbath@example.net,O+,12.968158,77.590568,2026-04-22,True,84.69
5c09b996-51d0-4d95-9a59-06b1fb8470dd,19e52048-5026-44b9-a678-28e16bdb7f87,Akshay Gera,+919291117993,jainpooja@example.com,A+,12.958751,77.598793,2026-08-10,True,75.85
efe9f9b5-2c7c-4c77-bb8f-f9beacd7bbcd,bbef4f9a-152c-4cf1-b2fc-cf87ed4bd82a,Ekta Dara,+919251142625,revakohli@example.net,B+,12.94971,77.562393,2026-06-16,True,72.48
e8b1ea00-06bd-4ec2-82c2-73674d7359c9,adcb0917-b10f-45f8-9075-19b19fdae638,Kiaan Chaudhry,+911002194672,lukemadan@example.net,B+,12.954314,77.660104,2026-07-21,True,86.97
7bb8a0ed-cde2-4f13-962b-519ef4ba6147,cda975f9-2a21-4765-8538-70d5bcc16703,Nisha Khare,+912791456083,jacobwagle@example.org,O+,15.129249,76.920685,2024-08-06,True,81.01
438a8cc7-1d28-44e3-bc2d-f5b8f8c37d0b,1a6faf9d-4604-4979-80a2-9279b935f86a,Yashica Kanda,+913127722005,shaurya64@example.com,B+,13.929877,75.567981,2026-05-01,True,89.61
b79824ad-670f-480d-a75b-0211def305fc,80f58c6a-9c69-42a1-b5a9-9f2677796a99,Caleb Chawla,+910781137995,vissac@example.net,B+,13.054841,77.612139,2026-05-03,True,99.82
df19cf04-35d3-4dc8-a5a5-9f421a5a65f0,cdde3baa-6e0c-40e5-a23b-64efbdee4bfc,Victor Choudhary,+916363179706,taraksha@example.org,O+,15.140404,76.918805,2026-05-25,True,74.98
ee81e88c-6020-475c-a76b-8b5b4162e437,13c7d3df-f4d4-486c-addb-f009bc2c1058,Kashvi Deshpande,+913520904217,ksahota@example.com,A+,12.973291,77.600856,2026-07-07,True,75.05
dd47c792-21e5-4826-8fd1-466c270e429b,ac6df023-f512-4c18-8a15-09e078bfa005,Chakrika Dugar,+911687397740,pkoshy@example.com,AB+,13.132659,78.128012,2026-05-17,True,74.07
f34d9d62-cb42-4b88-b6d9-347be5498b85,0d6706e4-9adb-401b-9a2e-bbc700d9633f,Tristan Dixit,+917806867177,fiyazarora@example.net,B+,15.146191,76.924149,2026-02-14,True,77.49
628df1ef-ad2b-4d4c-889c-2a3274ed8a2a,de862b04-96ec-4a5c-aabe-5f45a279c65b,Tejas Deo,+910742799077,nidragoyal@example.com,O+,14.46625,75.895345,2026-05-30,True,88.83
4de8ac27-5ec1-47ce-9930-7acc20761a34,8263d33a-90c2-4bc6-9fd6-13a964e45720,Aarav Bobal,+914649893195,varmajanuja@example.org,O+,12.971886,77.593581,2026-07-07,True,96.32
01bd1c0c-443d-4922-9c98-6708954d9729,0bf3d8af-17e7-4b9b-8d83-bece22578847,Leela Pau,+915281832538,sridharshaurya@example.net,O+,12.28071,76.630661,2026-05-03,True,83.75
49cd4632-a6ee-4eda-b69c-76eed9b4668d,546fe91c-9c92-47d3-9563-543106a0cf4c,Ekani Pandit,+910155778817,siya95@example.net,B+,17.338861,76.838334,2024-12-01,True,84.84
7061275f-a24e-4589-bb6b-ce17fa2ddd5b,a80c65f2-dbf9-4f75-94d3-e8250dce1692,Raghav Shankar,+914112412723,memonomaja@example.net,A+,12.960904,77.591238,2026-04-01,True,92.87
32640a2f-9b13-4430-a96c-0d652777fdeb,0f15084a-9660-4df4-871e-2ee8de365c78,Urvi Palan,+913103856955,jwagle@example.com,A+,12.995723,77.553746,2026-04-24,True,70.02
ad8a0640-77bd-4a4a-b02c-7b404a56f41e,4c2fe176-be5f-4467-9b71-3396a20adaa5,Daksha Deo,+917540254729,bhavikagopal@example.org,A+,16.206836,77.344341,2026-04-24,True,96.3
92a91191-9fe3-42ab-9db8-c4e4e3ad7616,39d9dac7-e544-4f1e-a7c2-1e5f640d39fc,Neel Khanna,+912745238055,kashishsen@example.net,O+,12.986566,77.60335,2026-05-08,True,79.17
14103582-4079-44e9-a1bf-73ee731b9a97,9266e320-1e7f-4fd2-b417-776f2a669acc,Charvi Dara,+917520885474,riyanigam@example.net,O+,17.327114,76.830287,2024-10-13,False,87.81
02c244a4-e80d-449c-84f1-cbb6bbd7ee6e,3a6602bd-428f-4fd6-a8f6-48bdaffe9a27,Varenya Baria,+910693751509,tristanmall@example.org,B+,15.379368,75.124771,2024-12-08,True,84.33
91746964-8d3a-498a-91e2-0c3eeeadd2f0,ded91a84-1d7b-49ba-b64e-9d456efb6b6c,Fiyaz Yohannan,+913759980562,ypingle@example.com,A+,12.972082,77.593253,2026-07-04,True,93.2
42c33a46-12b0-42f7-b9d8-2a800e8a941e,cf93a77f-e78e-4d6e-8d53-8f2aaf9f41f7,Bhavani Pai,+911376742662,dhawansarthak@example.com,A+,15.140355,76.921356,2026-08-10,True,74.92
36d0cd92-3917-4362-a774-1264096e63e1,4a71247f-0ae3-4bd2-b19a-aea0f157b62a,Gautami Bhatti,+914628792326,vritti04@example.net,AB+,12.971527,77.58774,2026-03-19,True,72.6
166a1199-3a2d-4051-ad84-837c7644dce1,07dfb0a2-4bce-4295-b59e-359a657aa1ea,Wakeeta Sheth,+914471462730,malhotrawaida@example.org,B+,12.916803,77.559125,2026-04-04,True,77.43
295f7b9c-d995-4840-b5e9-6a6d8319398f,30211d62-7cd3-4c71-9c44-4260467017f1,Vasana Sarin,+918904290257,ishanvigade@example.org,O+,15.845567,74.494537,2024-03-08,False,95.41
38993bfe-f614-4222-bd88-ba82dcb8f32a,ca0c14cc-f695-4b05-8cd5-e85b0c95b1ca,Jalsa Saini,+918183219285,charvi45@example.org,A+,13.339266,74.740765,2026-05-21,False,96.94
0b1222b8-f3d2-4afa-9484-01195a91f0d7,ba77ce9d-c8cb-4977-b658-6dfa41ca7637,Maanas Arya,+917652132833,sahnitriveni@example.org,B+,16.215315,77.353183,2026-06-05,True,70.36
5ee2fbfe-6012-42b1-a648-279f68cf99ba,fe5aa05f-bc3a-4bb8-94b0-8d4777aa283c,Karan Badal,+912798524013,luckykaran@example.com,O+,12.961273,77.603727,2026-06-03,True,92.88
89009e8e-f3a0-474b-9058-d03e41b5e023,9833d9ce-a55a-4136-a860-fe9a60b7801f,Shaurya De,+910760310890,qdani@example.org,A+,16.230008,77.348756,2026-01-04,True,98.46
680cea8c-ab69-450c-b73f-f80ec47c54a6,d5cb0792-8c4b-45ee-9e60-39dc68538014,Charvi Anne,+919325012495,naveen89@example.org,O+,12.294254,76.632785,2026-06-21,True,86.1
4d9da486-77ab-4b09-9667-af060ab88eb4,8c5894c6-fa0e-4ef7-b77f-a0aef0abadd6,Hardik Atwal,+918013875927,gollaisha@example.com,B+,15.847394,74.503766,2025-09-07,True,81.72
5fcc7558-0792-43c1-a135-74e51eef9f3d,303c7516-b4d1-44f1-93f2-729e84c78feb,Tanish Varkey,+911718275480,narangwakeeta@example.org,A+,15.830585,74.454735,2026-04-14,False,72.59
b9eec26c-cbad-42be-becd-b732625010bb,dcad6d06-5551-47ad-b4e5-d9bdec3fdece,Bhanumati Shan,+916463175207,randhawaraksha@example.net,B+,12.28403,76.629582,2026-04-22,True,91.24
d6c3eb3a-d533-4c2b-a664-caab4ea5c0d9,d155d71d-1160-4815-9b5a-0eae17de2ebf,Jagdish Dhar,+912153539613,rtata@example.net,B+,17.332025,76.833559,2026-04-11,True,73.81
597d9277-4c2d-468f-8a5b-55f2df976f5e,53bdabd8-27b3-48a7-abd1-04cb654f12b0,Mugdha Parekh,+918427114773,ayushmanchaudhary@example.net,O+,15.141959,76.919104,2024-12-01,True,71.92
f9fd0928-65dd-489e-b3ef-728e777baa39,38c14c38-f8ca-464f-9f32-e399fe1cc687,Ekansh Tara,+915249911877,chaayatank@example.com,B+,14.47624,75.928232,2026-06-09,True,75.01
310224bb-c066-49a9-97fd-0333ae1155ba,7b4680ec-bb24-40e6-9d47-45aae5d32abd,Hemal Zachariah,+916756770028,nitesh76@example.org,O+,13.025188,77.551538,2024-09-10,False,95.76
d14c3988-3666-45d7-a294-b555f3e75d3f,454ee924-f218-4f86-bb33-18b593d8bc32,Lopa Sura,+918977828064,npurohit@example.net,AB+,12.971322,77.594928,2026-01-08,True,97.42
6cc77d42-7c55-4db2-90c6-8ca6c5d7aec9,486399d0-6b30-47c8-b48f-1c5fd7175fcf,Bhavani Nagi,+912559056165,nisha50@example.net,B+,14.461112,75.928808,2026-04-10,True,87.15
bce4652a-2c02-4ebc-b3b6-d1917582b529,32b3e593-4e04-4861-9f0d-8537a88af4f2,Yug Keer,+914152085076,bloke@example.net,A-,13.021769,77.612289,2026-08-06,True,72.07
6141eb33-b607-4ec2-9252-44f52e480266,e5e9a526-4fa8-4d14-8454-5c10fec50947,Anthony Nadig,+919171357852,januja63@example.com,B+,12.299433,76.633917,2026-08-10,True,78.75
4be637ae-60dd-4cf2-87db-d33e2f4bd751,ac7e5307-4b4d-4db0-ac64-c2090853e5ec,Tanish Mani,+916391919541,nsane@example.com,B+,15.140375,76.943066,2026-04-19,True,86.4
4029a475-642e-473a-8475-885252c1dafc,6b497b93-efbd-4b07-b553-003ab190c81d,Chasmum Thaman,+913664987820,xalakkala@example.net,A+,16.831287,75.709486,2026-05-22,True,96.32
c2c92b9e-ee3f-4602-bf08-8a4923c84f1f,41ec28e0-530e-4881-9a44-18da8e79373e,Amrita Walia,+913572324665,janinitara@example.com,O+,16.2076,77.3463,2026-05-01,True,99.49
a60cab2d-c3b0-4ba0-aa74-d70fc0bd21e4,493151c0-09e1-4415-bfbd-819501f1870d,Naveen Kunda,+912303477866,jagginathaniel@example.com,A+,12.353655,76.629088,2025-12-31,True,96.92
610d4193-c82b-4696-bd36-8230c04f8bfb,e0811ec9-74f4-4192-839a-142821fa16cf,Ayush Kuruvilla,+917001594165,ranganathanlogan@example.org,AB+,15.341557,75.14877,2025-11-08,True,89.12
c913e890-38a6-4bb5-8aa5-1703bab71f12,26eec6ae-2844-4e71-a3c0-7c26308081b0,Xiti Dara,+919155963632,gilltanish@example.com,O+,13.010483,77.611064,2025-04-21,True,79.45
de06d30f-2838-41c5-bcde-825a18207fa4,d0fcf8d5-8145-48cc-9086-777d1dc6cec4,Nilima Kumar,+911586734257,darika09@example.org,B+,16.828454,75.690235,2025-11-29,True,74.08
f23c110b-ce34-4545-9e15-5d85d2e5bbdd,58800ed9-9021-4b72-a565-75909d6d267d,Wriddhish Kulkarni,+918376064413,shivansh27@example.net,B+,15.139925,76.921826,2025-10-13,True,98.94
ee3fd6f4-23d3-4625-9d67-0e9b4764f3f2,3f99475a-0669-45c0-bcbc-384a0d0bf979,Niharika Bandi,+916561248156,sudiksha00@example.net,A+,12.970376,77.607884,2024-03-13,True,91.14
e3dc204d-2e81-430d-b6f3-4ec8affc52e3,3d94b76b-40e1-44cb-881d-055b2632aebe,Sachi Deshpande,+915911238296,siya72@example.com,A+,12.916561,74.852811,2026-03-30,True,71.47
015ae377-24bd-4af4-8df4-e23d8cef8750,0b223bba-77da-451f-8ed8-43d77c3e0328,Falak Manda,+912669300893,shererushil@example.com,AB+,13.006423,77.663517,2026-03-04,True,77.5
7fd791c8-bae8-443b-959f-27385528cf5c,7f60dccf-f0c1-4671-a835-859e1597accc,Chandran Rattan,+911529108677,kapursamar@example.org,A+,12.32298,76.672937,2026-04-16,True,94.71
c8ea79fc-0b4e-4212-aa05-39fcbff49d50,d2c10998-2fb9-41e7-9b85-3f61dc200d32,Bhavna Talwar,+919343626204,warinder97@example.org,O+,12.942657,77.556466,2025-11-29,False,71.93
a4b8a9cb-0fd1-4cc3-b34a-cef1220e927c,bc4e0da8-0c56-4b08-ae3e-976d536746ad,Tara Chada,+916366941180,natarajanwahab@example.com,O-,13.012553,76.106593,2026-04-02,True,98.27
c42dead6-f780-4799-b4bf-50f0a10ed94a,636e7e6e-ce6f-401a-8ac5-bc9771993151,Chakradev Ahluwalia,+914652809242,dnori@example.org,O+,12.885957,77.633847,2026-06-24,True,75.18
af733d32-1556-4c4f-8619-3102a568df67,9d2c8173-2176-4606-b78f-3f4a2f449502,Edhitha Wali,+915027456449,zansi56@example.org,O+,12.970613,77.599938,2024-05-20,True,89.42
0653c3b0-6038-4ab7-9ce3-bbb930a40760,3ee3aaa8-07fc-4f5a-be18-3d37bb2a709a,Vyanjana Dora,+910320742761,cbaria@example.com,A+,15.314751,75.130865,2026-06-19,True,96.54
26adfa10-7fd2-4c55-8fc5-30a1e67ac8d5,379174c0-5757-4541-8c47-07b3dbe05bb3,Tanvi Tailor,+911342284993,vorapranit@example.com,O+,15.373557,75.096987,2026-03-30,True,93.44
79888e1b-b325-46ca-865c-7557d767617e,857856d0-77fe-444b-b8ce-fec9334c0c34,Yatin Tara,+911659152017,osetty@example.com,B+,12.954742,77.630422,2024-06-12,True,96.87
31832305-4454-4437-b795-133499b6a5cc,eab7bd7a-d7a5-4a25-b9cf-5b3394db0a2f,Forum Bassi,+913045018961,lkumer@example.org,B+,15.139618,76.921388,2026-04-15,True,73.0
ed58d2e4-6e3c-45de-b86e-deb6724755f6,f6fca2d7-6b5b-415b-8494-58c1833e7ba5,Gaurav Bail,+914214764925,pillaiyauvani@example.org,O-,15.852061,74.492152,2025-07-04,True,99.48
0b72346d-5f4e-46db-a5a2-2b8af962cb90,06819048-4591-46ab-9753-df53e2850269,Sanaya Rama,+916165926610,ubika32@example.com,A+,13.067292,77.589376,2025-03-25,True,90.93
d90713eb-4334-4a23-aca4-267de76b2318,df6d7bab-4ea0-4a60-a7ec-5a77a00e6d0b,Bina Sidhu,+912243864908,bathyochana@example.org,AB+,12.524182,76.895743,2026-05-31,True,95.1
3abd1fb4-b91a-4abd-a4ea-d5452b4cb974,d8f0d1f2-8b28-4713-b9a5-c44cd181d15f,Nitara Chandra,+914918017226,chackoomaja@example.net,A+,16.797251,75.70067,2025-12-18,True,76.56
566c8662-a07a-4591-ba19-a5c997a62757,efbaa894-49a3-4a6a-9f58-4d7d22d35471,Dipta Sha,+912321941680,ranajackson@example.org,A+,15.3647,75.124,2025-08-16,True,95.33
0df3a653-80be-4896-85dd-fad9c85b565a,e10bfa3c-d930-4d4e-9b9d-8ad51c24c9c3,Vansha Sharma,+919956412203,baburaghav@example.org,O-,12.971505,77.594541,2026-03-08,True,98.82
d80cafb9-dfc1-468e-8d96-ee25c12e18ea,1de76db4-20eb-4e66-87f6-03321bf4466a,Vasana Dhillon,+911472760122,esundaram@example.org,A+,12.894677,77.655358,2025-09-27,True,91.97
df92b831-ed2e-4a84-8342-b4484e3e8030,0e0be361-f665-49af-b65b-ea8f7e2632ee,Xavier Jaggi,+915016679984,suramugdha@example.com,B+,12.267707,76.641717,2026-03-04,True,97.87
daf1626e-93cc-41a0-a43b-232da5098a7c,ef4b4d7d-c052-451e-ba3a-fe67995b43f8,Vincent Bhat,+918146717957,kbail@example.com,A+,15.137345,76.920069,2024-03-10,True,75.33
d6db4d6e-9376-4404-9f83-b2c86f89d7ae,98e241cf-59f7-47a0-9b7c-0413205f8f3d,Upasna Padmanabhan,+919597246657,sarthakmandal@example.net,O+,12.9203,77.568673,2026-03-03,False,88.07
6bb67231-7fd9-4f80-849d-4f7bb325351d,f91c4007-2e79-49eb-b3cb-d3b82d5ff09d,Vasudha Dayal,+917167433800,advika52@example.org,B-,12.530375,76.930005,2026-04-26,True,72.33
79c26361-0e02-4845-b739-efff70c2d459,41c78fec-e1c6-4bdf-bd99-9f3ac75cd314,Devansh Nazareth,+911837455084,yutikachawla@example.net,AB+,12.962508,77.583857,2026-02-18,True,96.6
bc257fd7-5030-48b0-991c-b018a1ddee44,0a985330-31dd-43fc-8199-b7a68e5b32de,Raksha Shankar,+911808121352,riya87@example.net,A+,12.295817,76.64532,2025-10-26,True,71.44
fb4aea0d-899b-4b5f-b1bb-4a68007b2e87,c495c93b-f2ea-42fd-bfcc-e3a731025554,Mitesh Patla,+917603754821,kashish65@example.net,B+,12.30243,76.651097,2026-03-31,True,73.04
3ad54d5d-edc5-4df7-92c7-d3fba454acff,5c673bf1-5c04-45e4-b0ff-3481d286fdae,Max Wagle,+916678507208,chadhamsini@example.com,O+,15.336445,75.083147,2025-11-30,True,71.0
648601a6-822b-4186-9084-6372cd7e4a72,34fcc58f-db5f-4e6e-94b8-b9c08f8043d5,Nitesh Saraf,+919084668455,mammenmanan@example.net,B+,12.979229,77.600651,2026-04-24,True,86.41
728e7c25-90b3-4393-b3d3-ba22f2c5a875,23de1887-2ba8-4032-8673-4c7570075b52,Sanaya Jha,+914108562884,girikvaidya@example.net,O+,13.006383,76.100113,2026-08-08,True,89.61
f896b771-ec40-4b1c-ba46-d269bcd4b388,e9d70343-42df-48f9-9e94-272836640f40,Harini Dutta,+914346810548,jatin01@example.com,B+,15.86296,74.502522,2026-03-23,True,91.66
e859b488-3157-4116-bbf7-d6f8369002e7,f265edc3-e34c-4a82-ad09-0e36a73470a0,Abdul Setty,+918935449268,henrynarang@example.net,B+,14.463749,75.925148,2024-07-08,True,84.73
521f3023-ae62-421d-a2e3-1cdb8fe6d0f1,3711fe24-0e02-4263-bc4c-adbe59da5725,Jalsa Sha,+911106273715,xvenkataraman@example.com,O+,12.971604,77.594603,2026-03-14,True,70.77
bb20e689-4a48-48c2-bd63-6001ff3d5aa0,83da7fc1-f183-4927-ad96-f1ab0342cef5,Wishi Sampath,+912827728813,csolanki@example.net,O+,12.981851,77.600551,2025-01-02,True,96.85
218e49bd-11d9-494e-936c-d73cc2681509,330e389f-1bd3-4e64-a159-d906cf96f2c0,Kala Dani,+919408215454,vedika02@example.org,B+,12.934586,77.62703,2026-07-19,True,77.9
10f9a044-2b89-4a44-bcd3-3dcab838b350,cae56306-2b9d-4c31-963f-fe374506d97f,Chanakya Mody,+910185106794,ynazareth@example.com,A+,12.295294,76.643817,2026-02-18,True,90.04
f3a23eb6-ffa1-48f0-b1c3-3e8162d5e698,499a6891-0556-4917-8e31-b713250e41bd,Kevin Devi,+915199663658,savantarunima@example.net,A-,16.830499,75.702309,2025-01-13,True,82.56
c944a259-7b09-4d7f-b39d-f860d109be3b,577230ff-ebb3-48b9-9e45-fc22695d4306,Noah Bakshi,+911398909837,darapranit@example.org,O+,15.316543,75.131966,2026-08-01,True,95.62
aa3f96ca-7739-402b-8a80-cc1523882abc,7d0237ff-e824-4fbd-84e7-90cdae64bdde,Samesh Korpal,+915690705626,wableedhitha@example.com,B-,12.932365,77.59033,2026-04-26,True,92.72
98742742-d75a-4035-82fa-a554d4ef44b8,d6d90b35-f3c9-40e8-a16e-4f0bd5ded65a,Gavin Contractor,+912241246209,pratyush00@example.com,O+,13.075082,77.575836,2024-12-07,False,90.49
d1192ef1-ded8-4b98-8538-ebf9bc1b2586,796d6809-c9bf-4aa9-ab26-fcb71aa9b8a8,Hardik Nagarajan,+916103399378,rcontractor@example.org,O+,13.017124,77.657129,2025-12-07,True,86.69
1abb2062-cddd-42b2-b0fa-c10288913724,1ad121dc-f63f-412f-b8d5-2310cf6f3c2c,Ucchal Ray,+913048913824,fsehgal@example.net,O-,12.866734,74.849958,2024-02-27,True,85.68
b9d96bcb-0f2e-4651-9c3a-5fbc59066d2c,a76a6124-a850-481f-83ba-9c743bea742e,Lucky Prakash,+918700794200,mmahajan@example.com,O+,12.303511,76.650008,2026-05-02,True,86.88
0000f26e-b5ac-4e7d-948c-05e776c40c34,bb5bf70c-0dd3-4931-b91f-47aaf69e40d3,Indali Kala,+919141612846,yamininadkarni@example.net,B+,12.960519,77.592011,2026-06-23,True,87.16
e5ff93f8-ffa2-4a29-a240-bad7fa79ca49,0099434b-ec53-4126-a2df-57b7441a9167,Advika Sethi,+913795020970,ghoseodika@example.net,O+,12.29362,76.640958,2026-03-24,False,96.69
144f9f84-9633-47ce-8e71-3c1f9fc0d80e,55dd8e3a-82eb-4479-8e12-3ea6ab83b972,Maya Yohannan,+917156956201,mprabhakar@example.com,AB+,12.971383,77.586256,2026-05-12,True,93.81
d9023415-4dcc-481e-a662-ed8cce5a4674,5084bb07-cce8-4d4c-a454-e0597720a52b,Timothy Bahri,+919433750479,abhimanyuhayre@example.net,O+,13.021574,77.531191,2026-04-15,True,99.23
ea9e0840-c55c-4ca6-8b2a-389b909d2cb2,3256ca74-7e34-457e-9f06-41c428343a32,Indrajit Mall,+919992192124,anushahanda@example.net,B+,12.290361,76.684795,2026-04-20,True,97.4
1da0e509-71d2-4392-be33-445347432f80,87eea0a4-bf2b-4f61-99f9-98c033451762,Zayyan Setty,+916641877580,champakmall@example.com,B+,12.278782,76.637588,2025-09-04,False,91.29
0194ee6d-744c-4444-a17e-ae74432265c3,8c6571d0-f414-4bec-8177-ed3bc1cd42dd,Diya Ahluwalia,+919036133254,chatterjeeayaan@example.com,B-,12.255899,76.63312,2025-07-23,True,77.48
7ae3ad77-7d8d-4db3-bd14-e8ffe0372edb,aaccc6f4-ec03-4732-9a39-f3e0c862239a,Arjun Natt,+913505831997,sekhonjeet@example.org,B+,12.280597,76.586298,2026-03-11,True,97.69
ff5f7d83-c18b-442e-807e-022e431b95d2,6b7f6958-4109-400a-8194-06eb569aae44,Bahadurjit Purohit,+917049611080,lakshmi61@example.net,B+,17.324809,76.834662,2026-03-15,True,80.49
b11c6870-5361-42cd-8718-2ba422ea6ba3,1532ac38-5977-452e-8f04-f2ce04e98105,Viraj Anne,+919915078593,chauhanadvik@example.net,O+,12.971023,77.503836,2025-01-14,False,95.61
de5b5629-26db-4cee-a3ba-179ee41cf41b,7ce53c4c-529c-498a-ae15-77d181770b98,Rishi Date,+919723200249,pvarghese@example.com,A-,15.139803,76.923696,2024-04-17,True,70.6
7c23ffa2-08a5-40c6-91fb-d35cf18b192e,ceee3ee4-52bd-4250-97db-df579eb7eb7e,Madhav Din,+914508920388,samihemangini@example.org,O-,15.16175,76.922696,2026-02-27,True,76.71
4e568c02-6b14-4d20-af61-cdcde2a8300d,dfef9594-730e-41ee-8e27-c07c97e2ea32,Saksham Biswas,+919599594652,shabrijesh@example.com,O+,15.836537,74.440325,2025-01-24,True,83.77
b2db5e31-5daa-41bf-ae37-10f23f89a5cf,a8cc94f0-3c93-4a3e-9115-d763e140f34d,Aarush Kapoor,+913756362050,parmarayushman@example.net,O+,12.959167,77.592936,2026-08-11,True,89.87
6cf9ddb4-6576-4fa5-a8c6-8e3d30cef938,76adc6f7-ce89-4001-9d6d-5cd7e5cc87bb,Lucky Mannan,+910033423425,pranavhayre@example.org,O+,13.334207,77.112255,2025-10-26,True,80.09
c29d12af-f05d-4c08-beca-2bf21c628e5b,ab762d35-bf78-4a80-b7b6-575edc405e76,Adweta Chaudhuri,+915347355289,hbhattacharyya@example.org,O+,12.969195,77.609074,2026-02-20,True,74.5
85470edf-9fe5-4f4a-a73e-e9b1fad9f8b6,5411a461-83f3-493f-b04e-3d117efd596e,Ranveer Handa,+916309938425,chatreshmammen@example.org,O+,15.149567,76.89239,2026-02-19,True,74.2
b43215b0-b8b4-4ed9-850c-1026bc68edd4,02666b20-6b7f-4399-b684-c3ac4a59e48a,Shaurya Bumb,+918685787255,etalwar@example.com,O-,12.962908,77.624871,2026-08-07,True,99.84
09ffa471-2c2d-4c31-9f82-a46949ea7bcf,3658aaa4-6c62-4c56-91a8-39e01255e322,Balhaar Johal,+916346692548,desaifrado@example.com,O+,13.928701,75.562828,2026-03-15,True,90.16
eddd8cf2-0181-4a23-945b-28855b0c8b5b,77ae83a8-8ed2-4e3b-836a-5246d31cefab,Zilmil Pandey,+918956776657,anjali60@example.org,O+,15.389834,75.083289,2025-11-06,True,92.23
36797055-f213-4ba9-808f-22e9329c8f3b,9e6cea39-6731-4236-9d6a-186bf1cdbea9,Vivaan Lanka,+918881431115,iyergauri@example.org,AB+,14.475192,75.914982,2026-02-20,True,80.66
9552405d-1ada-45cf-8c35-51edd8146409,c6f8f4fc-cec3-4802-a5c6-1b458e6b8290,Zashil Mittal,+918404456690,wvala@example.org,B+,14.46542,75.917482,2025-04-18,True,73.53
e31a0e47-d64d-459e-9237-983ae9df3b0f,85f1764c-56bf-416b-97ed-71060ab2d27f,Vedant Karan,+919877515366,revasengupta@example.net,O+,12.929885,77.570957,2026-07-18,True,96.02
e41fcdd2-abb3-4451-9d4e-205cc296158b,cea1478f-d36f-40c4-9232-9fa7cab9ed8b,Kavya Dewan,+915536668459,balayliam@example.org,O+,12.983157,77.598791,2025-07-23,True,99.62
82a242d5-cfeb-4bd6-b738-1578acb6b55b,9e3f5573-1e3a-4a6d-a7dc-15307f427582,Mahika Raj,+916371597412,goelazad@example.net,O+,13.362768,74.770415,2025-11-23,True,88.93
176afdca-d587-43c8-b5bb-fdb23de344b1,8cc17c74-be2f-4088-9c71-ba72e3ceffd4,Avi Grover,+913348170580,etaroy@example.com,B+,13.019248,77.596049,2026-04-23,True,74.75
87bd8414-f633-4782-9981-b0c5a862a570,b97aad4a-281d-406b-a6b3-a57c8e71dd35,Indrajit Dayal,+913234672994,yadavishanker@example.com,B+,15.155226,76.938729,2026-06-18,True,81.5
fde15696-6ad1-4457-b895-bb28244d3e61,358d8eaa-30b3-46cc-8a23-ad82eacadd1a,Abhimanyu Dhar,+913859777901,tanmayi54@example.com,A+,12.967454,77.598958,2024-08-19,True,90.3
b637178e-b01b-46d5-b346-486d2c6eed47,eaf14697-0102-4f72-a43b-fc70c00c9d99,Ojasvi Krish,+916291603248,ekalinga37@example.com,B+,15.847908,74.492673,2025-01-17,True,79.18
902732fa-01ae-479f-90f7-6c020802f29c,ac1a960e-15cd-4a4c-be9a-91bc0035f3b3,Jyoti Bose,+917243807017,voza@example.com,B+,12.971997,77.594463,2026-06-05,True,96.64
5c5eeb60-9b5e-4ca5-b6dd-e94ca0fe4a77,8a4c6a97-37a8-41f5-980d-5e579146bc3d,Mekhala Barad,+915777118372,kmallick@example.org,B+,14.226869,76.395358,2024-12-27,False,76.73
cbfeb155-0a67-4df6-9649-40a44ec490ea,60398b45-4395-422a-b0a2-19bdad5abfd8,Harish Goel,+912104275230,riyabatta@example.net,B+,13.138373,78.130109,2024-04-18,True,81.26
51e30d53-1da7-47fe-aee1-fb4ee1062def,37a23e0a-650c-4302-814a-fea8f2c49351,Madhavi Morar,+910633533106,atwalgeetika@example.org,O+,15.821435,74.468999,2025-10-26,True,70.59
53bbdc35-0b5e-4b19-8301-b3c70f2002e3,7d16dca3-ffaa-443f-a207-b570251a86bc,Thomas Char,+918155839386,odara@example.org,B+,17.320173,76.843642,2026-07-23,True,90.57
75efadce-386d-4b29-abf3-4c0721a81a2f,50df6f28-26f6-4890-86e9-1da4f1f98635,Ishanvi Naik,+910637314950,kamdarnirja@example.com,B+,12.989937,77.608449,2026-02-14,True,94.92
5e6d2def-d3ab-4d6a-9c57-8478aec46da3,3854e59d-c992-4162-acf8-370fb9a1002b,Harsh Yadav,+915625257150,graja@example.net,A+,13.01567,77.635873,2025-07-25,True,93.34
4b4d833b-86b0-41ff-bf54-ffc66216ec47,1d896730-228b-47a1-b860-fd39f4867912,Yahvi Arya,+914363910257,saksham26@example.org,B+,13.908376,75.59563,2024-08-01,True,76.23
46f9bcd7-799c-4805-98ae-5aadf84f98d3,3662d0ef-9338-43b3-8c6b-817cbd66f705,Wazir Sawhney,+910864035533,kotharitristan@example.net,O+,13.321014,75.772087,2026-03-02,True,74.47
03d4b5f9-cf36-43f7-bc69-1ec92ca438db,6381c959-265d-4120-b0c9-9d0871893d44,Ekanta Goswami,+911302321298,warindertripathi@example.org,A+,12.966248,77.561843,2025-06-22,True,99.32
1a3a11fe-d5c0-47e3-8635-604e674fbe08,f7b86cf9-e01d-4ff7-a86f-3b7b5a82bef2,Unni Mukhopadhyay,+912934497347,parsamitali@example.com,O+,12.971791,77.594133,2026-03-29,True,79.38
bffc6d3f-0a34-4067-9b4c-7f167b4c342f,05f7b451-c19c-4baa-b4ec-0debbbcb7963,Urishilla Sastry,+912706614982,aarinirai@example.com,A+,14.464427,75.921263,2026-02-19,True,79.86
7f01d405-47ed-4446-ba68-3bff7490465c,48a19f12-fb99-4e8a-871a-f6f578bb93af,Sudiksha Mander,+911527323008,vyanjana66@example.com,O+,13.337092,74.77597,2026-06-29,True,82.02
ca7566c2-09e2-42aa-a4d0-76fe351744a6,42252240-2464-41c3-93fb-651b59489c61,Leena Suri,+910169236458,spillay@example.org,O+,17.907798,77.522289,2026-02-20,True,75.0
bbf56be8-3c95-41ba-895a-60823038f69b,c279b64f-290b-4a3b-9f4c-575ec818abde,Panini Koshy,+910249724399,advikdada@example.org,O+,13.032004,77.587389,2024-06-19,True,87.07
05de5921-821d-4a71-b3eb-e3b55a4d45c9,9aa0bca6-65ed-41e0-891a-a4d7912ec40e,Mitali Buch,+914488694611,luke43@example.net,O+,12.300539,76.61323,2026-04-28,True,84.64
28a51b63-a8b7-4d94-9919-17c4df5bbd50,e09c16e5-d3db-4a82-acb8-f235448a31c4,Darika Ahuja,+911686462252,rudrasur@example.org,O+,13.3485,74.745384,2024-03-21,True,92.31
6721c171-f732-43cf-b086-c71e042e591a,10ece81a-067a-4f92-bf43-ad04350ea9ed,Shravya Kala,+913467912141,rdash@example.org,O+,14.466745,75.921109,2026-05-15,True,72.86
e87dd1d1-ce62-4ece-8061-98e81e2c9ef7,f87be2b8-be61-451d-959c-44e9b381b4a3,Ayushman Keer,+910409013806,vedika75@example.net,O+,17.326787,76.838746,2026-06-01,True,88.39
875a0722-21a3-4784-ae82-ddcadd22d03e,b706b714-c3aa-43c2-a14d-99103b00e922,Gayathri Prabhakar,+916690551076,atharvdas@example.net,B+,12.875985,77.591166,2026-07-21,False,84.75
6a45488e-15cb-4e79-aad4-f5b1bc27d282,66d79fdc-4057-47ff-8d23-394033bd9bee,Yuvraj Pillay,+916305050573,vratta@example.net,A-,13.068888,77.627282,2026-03-24,True,72.36
f11f1ad0-ad35-4547-a0f9-5d3f88fa46e0,0f6a7696-ffb7-4c54-bacc-1c3dfbead3d5,Ijaya Sangha,+919328980271,unni27@example.org,B+,12.315497,76.651844,2024-09-22,True,70.53
363f434b-3d47-42e5-9e9c-03d9499bb2b3,d074bb87-6c18-4d3f-a42e-3e09042b1296,Wridesh Kohli,+916025643471,vyanjanachana@example.net,O+,12.29565,76.639351,2026-02-24,True,96.7
776e4884-12bd-4f20-afd2-3b80149c237e,a81ad5fb-d251-4491-a851-43ee0e134ade,Udarsh Bhattacharyya,+916334141115,jackpillai@example.org,B+,12.885794,74.864199,2026-04-16,True,79.96
db0afab1-6d15-41a9-b292-c3dfff3e16b0,d3a73cdd-fd08-4f48-997e-79180580b6c3,Lajita Agarwal,+913665528993,ranaaditya@example.net,B+,15.136412,76.906843,2026-07-30,True,76.65
2bc69cbe-c110-4daf-870e-8cb29eb05579,c90b6a60-9bce-406d-8881-3ca8efbe1ad5,Diya Dhillon,+912942095481,vanya37@example.com,B+,13.046962,77.577024,2026-07-29,False,74.92
be15acd0-1207-4368-b885-c62f3e4fa1c5,e5f95547-a301-482a-8a54-1362bfb43c78,Daniel Nath,+912764208656,wpall@example.com,A+,12.961045,77.534636,2026-04-20,True,95.57
511217be-aaa1-4057-bf39-ebb6ee2cca1b,2890a902-fa44-4d88-8f78-31415d27a17f,Ekbal Wable,+916125904729,riyasubramanian@example.com,B+,12.999464,77.667593,2026-05-09,True,95.12
f35f17fa-a117-472a-a80b-32c1a51ac110,a03c1e76-dc37-4972-be48-5993d1416d3f,Shaurya Kamdar,+911266201572,dalalyutika@example.net,O+,12.876405,74.86843,2026-04-27,True,70.13
5cdcb058-0a2b-4dad-967a-e8eccf568ee5,af4f4af4-699f-4b53-b700-459be2292f08,Radha Dixit,+913674926176,sai50@example.org,O+,14.453075,75.927054,2026-04-22,True,75.21
34320cac-ca10-45a4-a81e-3089a783f942,badfc5ea-5e7c-4e23-96a6-211d1d8c1547,Fitan Dara,+919997419267,kmisra@example.org,O+,16.829866,75.709469,2025-01-16,True,88.27
0f54d09c-5320-4d01-81dd-3e0f76a0601b,b650d504-c737-45b4-9a82-c0b6428bdf35,Eshana Bhatt,+918887189813,gollapranit@example.org,B+,17.325586,76.83752,2025-09-30,True,88.08
3b7d8c0c-f5d2-4bd0-b4e5-1f489eb5fb1b,c596f639-79ea-4a54-94dc-356115650613,Dipta Das,+912184011845,pallaviacharya@example.org,B+,13.346868,74.732835,2024-07-27,True,76.03
60a000c5-34a4-4be1-bba4-73039cec4349,93ee9ed3-6ffd-4c78-a74c-b8929a05633a,Chakradhar Venkataraman,+919758598831,khalsabalhaar@example.org,O+,15.845857,74.503554,2026-02-20,True,75.33
1f8488e6-bb50-4853-ba21-ad310a9126da,b00003ae-dd5f-48d6-bee6-74c2d941deb6,Chandani Kale,+919542961844,zgade@example.com,O+,12.907198,74.828165,2026-05-29,True,90.01
1b633ca3-b658-4b10-bf4a-a4f84ad5642a,fa181c10-1695-49d5-b9d4-fa2bfa182763,Aachal Sandal,+914359892625,braghavan@example.net,B+,12.316105,76.607277,2026-05-13,True,70.76
02e63bd7-8e2b-4d13-9b29-9fecc2a00526,c93e4306-5d79-490e-a566-2637c9058086,Faras Madan,+916151554234,chaudharikrishna@example.org,O+,12.987889,77.645938,2025-04-26,True,74.39
b41966d7-ae11-427f-9a73-0a474769e342,8da51438-3778-4198-bbee-c2f4181ed275,Henry Dasgupta,+917185948491,gardeeesha@example.com,B+,12.9915,77.663277,2026-06-15,True,96.04
bbcfa925-d838-4981-bbf7-4d2d78ab8d3f,99245517-28e3-438d-b347-23f217e7a858,Hemani Wali,+914082226940,zaid96@example.net,B-,14.463078,75.893177,2024-03-03,True,89.93
8283eb36-15a0-4fdd-bef9-25343ef5d761,22b5251e-58b8-42a8-a6df-79a1d75c0206,Qadim Sarna,+914683414651,bosewriddhish@example.org,AB+,13.322402,75.770193,2024-07-28,False,92.31
6e04bdc9-5a33-43a7-822a-b5d41f8b9859,cce18d0f-b339-4435-82eb-aa5a14ab9d47,Dakshesh Chad,+916827788160,abhimanyusandal@example.net,B+,13.025285,77.528385,2024-05-06,True,89.43
2d230f57-5407-4452-b3f1-d640cbae308b,c5ce47a8-1474-4b69-8b74-b11a506c29dd,Yash Wable,+918321528506,kraghavan@example.com,O+,15.129725,76.913787,2026-04-07,True,99.5
752dc93b-9cd2-4edd-987e-5d427930801a,cdc9182d-13aa-4d5e-a955-3b84d770b976,Hamsini Krish,+914430963480,dsura@example.com,A+,12.962153,77.491496,2025-05-04,True,73.9
37408f74-fdcb-41cb-9bea-067cd822b4ec,d0b247ee-2761-4705-9569-5973f453124c,Triveni Narasimhan,+915265016731,nirjadasgupta@example.com,O+,12.911487,74.860837,2025-09-09,True,87.91
b2bb4aa6-b2a2-471a-b457-d414a924d207,268cd526-d13c-4448-b699-2e562b6fbb16,Nachiket Krishna,+914562841772,iryasaraf@example.org,B+,15.147951,76.908032,2026-03-05,True,93.52
5096dc19-41b5-4e76-b7a9-43f8f86c07fa,97e0509a-857c-4b84-973d-55c58c7d6fc2,Rushil Choudhry,+916650237416,ztandon@example.net,A+,12.974458,77.601248,2026-06-19,True,82.1
d5802bb6-193b-443c-bdd0-ac963693dfef,b88fcba3-97c5-46f2-a19a-7887e231d7a4,Ekta Ratta,+910225803056,sarafvarsha@example.com,B+,12.926799,77.518687,2024-05-21,True,99.9
eee270c0-e1b2-4a3e-b6ef-5f0c48891c82,4801aa2d-8db7-4326-9076-43a0fc732970,Vedika Butala,+918234143637,thakkarpratyush@example.org,O+,13.964668,75.570084,2026-05-21,True,88.63
0ea79dee-9d95-4137-bb81-9c8203daa0e8,8588ff5d-caee-481e-8dc4-dfb26b141a84,Veer Dara,+913260931066,vihaan35@example.com,O-,16.199788,77.363327,2026-03-26,True,91.72
0f21e11b-b48b-4a89-9ffc-4469d21ce63c,63c5f93c-8b77-4750-bf7a-6d36d6ce055f,Darsh Uppal,+914545635020,benekanta@example.org,B+,12.975832,77.56106,2026-06-10,False,96.95
33ef42cc-b743-4270-b09e-2b402f463e37,651a151c-4b47-4efc-b808-af4e93d52840,Urmi Mammen,+917554110825,janaki98@example.net,A+,13.002505,77.5839,2026-03-07,True,88.81
e5998e6c-47c9-4c9e-a474-521e995d6bba,aa846886-bab3-49b0-a7e8-d9acd3f31419,Wazir Majumdar,+911291093371,ozacharvi@example.net,O+,12.982377,77.641542,2026-04-18,True,91.08
aa6b8cfb-cfc0-49dd-aed8-c9c036a81de7,a78fbb5a-6bcb-4b76-afee-d4d957aec677,Saksham Walla,+916848557161,hsaini@example.net,AB+,13.122411,78.111171,2026-04-25,False,91.51
a9e5436a-290f-4b12-bb67-70ca6e6d661b,a21e52e7-dc7b-4b42-93bc-db64035dd44e,Ojas Mahal,+910367881278,zramakrishnan@example.net,B+,12.972028,77.595503,2025-06-25,True,82.23
2e1b1d69-f303-41e4-a91a-2d6483232051,eb482726-dd1b-4e97-9adf-453c2d4ad4d5,Samuel Gour,+919087884434,jagat23@example.org,B+,12.29079,76.650968,2026-02-07,True,88.55
2dd7e2fe-42cf-47c1-bf2d-1fca2b6679e7,b3567fb6-b1d7-4700-aeed-f32223dcb414,Bishakha Baral,+910338105955,lallakiaan@example.com,A+,15.135222,76.907825,2026-05-01,True,90.58
9e68b083-1a5d-4132-b1b3-94c77da8b5ce,20cdba64-4413-4d65-b314-704bf168c767,Ekta Bhandari,+912408916498,riyakannan@example.com,B+,15.855469,74.494724,2026-05-11,True,86.0
7d33f926-82b6-4bf1-8fa6-e5cd97ad11c8,343157fb-4d97-4551-acaf-d70761ad0b73,Samar Rana,+915271727223,pgole@example.com,B+,12.977462,77.57504,2026-04-26,True,96.61
6bdef423-dd0c-4671-81ce-d33186e0fc08,da6558d8-c157-4743-94ed-9ce20f3d8916,Dayita Gaba,+911216376182,chaudhrykrishna@example.com,AB+,17.893722,77.49642,2024-07-25,True,71.25
40dd031e-c4ce-4b30-96f1-da987dd5fcf7,195003c7-cb57-4891-9225-32d1b0292268,Imaran Arya,+914290018513,varshasawhney@example.org,A+,12.902824,74.852439,2025-02-26,True,97.17
814e7edf-2cb2-4043-8f34-d459c0922fca,4ebf51c8-c80a-4698-a4a3-aceb270e9ae5,Garima Srinivas,+914810018418,adhar@example.org,O+,13.338335,77.118316,2025-10-19,True,93.99
b2b77d5a-ab07-48c6-8352-b4ccf10121a3,1825b5d0-3065-4e72-a21d-bd67abe64328,Utkarsh Sane,+913617213145,nathjagat@example.com,AB+,13.362476,77.105871,2026-06-02,False,90.15
0325d0d4-d473-4db7-8518-908df8b25c24,d8c399e3-fb72-4a8a-aae8-3eae3eeb1995,Caleb Dora,+919262494514,qpillay@example.net,AB+,12.966503,77.591699,2026-05-18,True,73.0
4553ca8e-55c4-4225-8919-0af87fbc4e47,194e44d6-edea-4b3c-bb78-33fc7424ab1a,Aarnav Dixit,+917711964215,qabilrajan@example.com,B+,15.828141,74.547098,2026-04-05,True,74.57
e8df59c9-f6e1-4dca-9cca-90de92678674,a63c738e-07be-492d-b862-f700ab5c26ac,Warda Samra,+912366878878,leenachacko@example.net,A+,12.955596,74.844686,2025-07-02,True,89.23
6323c54c-5848-4879-ba23-c285d6d0aa5e,3142cfe9-71dd-475b-8f77-6205c4be1111,Theodore Chahal,+910587210552,triveni28@example.com,B+,12.96426,77.578702,2026-06-15,True,79.16
c7d52c28-200e-45f5-a78b-020ae4f3a403,671cfa68-0b55-4a81-bd29-2301857fb5ce,Shivansh Kapur,+916065019179,ayushmandin@example.com,O+,12.911938,74.854243,2026-04-27,True,75.89
7daae18e-9b17-43f2-93ee-f77f6b97fc3c,0eaf7d97-bf28-4bce-bede-c140cf8c9c30,Farhan Konda,+912272847657,mangatindrajit@example.org,O+,14.462204,75.905916,2026-02-23,False,87.46
a69a4d32-9062-4b93-a4c4-b8a5c01d387a,4df19704-1f86-4f3f-9983-9174dd15f96a,Azad Ghose,+917849843624,vigkrishna@example.org,B+,12.316091,76.625534,2026-06-03,True,93.26
90aad4bc-b330-439d-9bd8-aa3899a4cdd1,ee9b42da-a948-4396-bf60-47b11da76bc8,Nandini Bhalla,+919177566205,rhayer@example.org,O+,12.972609,77.587206,2024-10-26,True,72.72
a98eb92d-e9c1-4606-8aa2-f37ee305c3f8,8fa9a2fb-ae2b-4372-84fb-883c1abe8789,Faras Patil,+912811390438,bachittarkhosla@example.com,AB+,12.971602,77.594631,2026-02-16,True,85.42
29abb357-868d-47cd-b912-19b69e07e9b4,55813a5f-e92c-40c7-b638-f2ecea5cc77f,Chaitanya Sule,+914054683565,gunbirnarula@example.com,O+,12.298508,76.638475,2026-03-14,True,71.21
d120895a-3439-423d-af93-4e2316b7b366,48b10eb9-b35c-466e-97f7-e5bb3e54e4ff,Yadavi Doctor,+919042271133,naveenthaker@example.net,B+,15.139166,76.924075,2026-03-09,True,80.84
99a6939a-62ae-4d11-82bb-7c0ab809eeed,ce979f12-6bcc-459b-8770-09ababafa60a,Sara Deep,+916063399129,zchatterjee@example.org,AB+,12.310416,76.643893,2024-02-24,True,89.01
50edf3e5-44d3-4cc7-a878-e881925ad13b,a8d1e67a-e967-4eb6-9973-12b7060dd83f,Dayamai Chahal,+912421495511,trivenikuruvilla@example.com,B-,12.915987,77.563862,2026-06-24,True,89.6
89f7eb19-224f-4146-83d0-7d9f77816d80,ad1255d5-1946-4684-853b-1de607710c7e,Riya Dey,+915466927589,kashvi16@example.net,O-,13.922073,75.576031,2026-06-27,True,80.35
afb18a87-b7b1-4b42-af58-b291a75e6764,1325283e-a080-4d86-9ebc-919c9720ac41,Adya Basak,+912146296136,wchander@example.com,O+,16.859225,75.711258,2026-07-13,False,89.3
1a498bc5-1f25-45eb-bfb3-e5069ae4b898,eabaa751-7db3-4ab7-8e1d-e37235da6601,Udyati Chopra,+916365155973,rcontractor@example.com,O+,12.968177,77.598728,2025-06-23,True,79.91
da628bca-1956-4ab1-9176-a2c873b9a3f0,a3d4fd00-9c29-4bcf-8708-71c327d2d6de,Nachiket Singhal,+910960567303,sampathanamika@example.com,O+,12.918745,77.601791,2026-03-23,False,71.29
42ed67f5-2c0f-4926-964f-6c366f7bdad0,0c28a76b-20c2-49e8-ac75-9d0f1cbddc5a,Fiyaz Dhar,+914768342016,chameli23@example.com,A+,12.91248,74.854241,2026-08-04,True,97.67
c9f3db2a-ca74-4ca6-8060-2bc56cc63459,63feb53f-278d-4637-ab1c-c15d37dbcacc,Vasatika Soman,+916089319925,akshay27@example.org,O+,15.376887,75.121527,2026-02-19,True,98.42
a3bf4efc-2483-453b-8f1b-28e480afe356,12a3ab90-b18a-473b-b1d9-901c020f6f36,Edhitha Comar,+917279103368,krishnakalita@example.com,B+,12.928354,77.602658,2024-12-20,True,93.84
cb939d85-5e21-4f57-898d-b83436fe6d6c,525f3707-0c53-409b-8d9e-818c812336ef,Rayaan Atwal,+914817766558,wvirk@example.com,B+,13.928999,75.566644,2026-04-01,True,87.9
ff00c0e8-3c35-45a5-a385-fb6cf018d234,8509736c-0f8f-45cf-99f9-255c7f48d10e,Patrick Shanker,+919286646491,chawlagaurav@example.net,A+,12.984267,77.608833,2026-06-08,True,94.8
d4896828-4b41-478b-bb80-f7fa60278b26,560070fd-0954-4a5f-83e5-58baf40ee1d0,Nisha Chawla,+917890463378,mcontractor@example.com,O+,15.851986,74.49601,2026-03-07,True,73.53
48b32cf2-2035-4283-b1ea-cd2c15542312,4bcba505-57b1-406e-a7d9-54e14d829ede,Indali Shetty,+913844446306,auroraatharv@example.org,O+,15.363418,75.122989,2026-02-17,True,85.66
fd870202-95c7-4044-929d-ce4cab66c87e,7169cf8a-54f2-40ee-9682-849ac365d1a7,Zilmil Nadkarni,+913863960962,zghose@example.com,A-,12.971225,77.594527,2026-03-27,True,94.14
c3bced13-1318-44c1-99cc-8a3782d466c2,e45640ff-61dd-48d5-bd76-0ae2fd49e628,Rajeshri Kashyap,+919648253110,oapte@example.net,B+,12.983566,76.088038,2025-06-20,True,72.51
1695a1c2-980c-400c-8495-b251bbf53d0b,533bc930-7c18-417b-87d7-65c09d25bfcf,Ayaan Brar,+915233438364,maharajfitan@example.org,A+,12.913068,74.877581,2026-05-14,True,73.53
4245c7fb-400d-4004-9fe9-af52e6bbe23c,7dd156a7-5cef-4a8f-90e4-fd8f6df3d8ec,Harshil Choudhry,+912442117536,swaminathananthony@example.com,B+,12.952386,77.546771,2026-07-23,True,87.56
e54b1705-f0a1-4769-9d80-a093784c1f80,885500de-a2a1-4e47-b5b8-3e249c204d02,Vidhi Bose,+917224029901,idika79@example.net,O+,12.939269,77.580324,2026-03-25,True,82.4
83189274-be3a-424b-8799-a7acd1c63486,dd442c24-9bcf-465d-b488-b9889053d8d2,Nathan Vig,+910808823513,naranglakshit@example.org,B-,15.132747,76.92872,2025-04-05,True,93.23
55122513-066c-441a-bd23-6a92b0345bac,c94aaa0d-1f6a-4193-8c06-e16e2808ac21,Jonathan Loyal,+915847768634,rudramand@example.com,A+,12.296971,76.63802,2024-02-28,True,73.01
672a8d48-1250-41b1-8e6a-d59db0578529,14bf8f90-9564-45c1-8f72-eba38642a513,Devika Gandhi,+916945919663,kashvi17@example.org,O+,15.377544,75.083741,2026-05-08,True,98.94
c5b07dc2-5f96-47c2-b468-96d6f9edf153,41b63507-8646-46a7-9520-f46d643f2b71,Yasti Kulkarni,+915601256253,kalekamya@example.com,AB+,12.972485,77.595776,2026-08-03,True,81.13
f3c92edc-e406-4e58-adc8-a0b5158c075a,aa1ca991-0cb7-49ae-9beb-58aa27ad4869,Dipta Das,+913795381649,teerthchauhan@example.net,B+,15.881709,74.482217,2026-04-08,True,87.92
1b2f47a1-f544-49e6-aae7-cb2dbf00da1d,6744ee80-e55f-49c5-9df9-e55e5db2214c,Falan Sama,+913077046117,etarajagopal@example.org,B+,16.153057,75.643733,2024-04-12,True,85.54
b53879b8-b4b2-4e74-8ec9-5d1f01f05b32,a4a6383b-5b58-4e6a-b216-ccd628308d83,Bhavani Badami,+916088050171,rmitra@example.com,O+,12.901996,77.589859,2026-02-17,False,77.18
b17f6a45-ebc3-489c-a4a5-95cfb2390d77,22c8265c-216b-4cac-a976-3d7b60ccf2b2,Mugdha Buch,+916477159103,anneliam@example.org,O+,12.975478,77.59452,2026-06-22,True,76.01
378fbf58-1ea8-46eb-b009-cdbc3d9322dc,c8e7c8a9-86e8-4a4e-a5af-ffed01f4849f,Rajata Kara,+918004010414,ladli42@example.org,B+,13.021775,77.565946,2026-03-04,True,80.44
eb04da72-a223-4d0f-8950-d8b08c53e536,b25908b8-8e74-4ed1-b8e6-e7437c582d12,Jagdish Date,+917188397745,fkara@example.com,A+,17.907604,77.51758,2026-03-02,False,75.25
5d89a8a0-19ef-40d8-9603-0425c3048cd3,2d9ce302-4cff-4c6c-91f4-8dc5867a86cf,Fitan Pandit,+917030376371,sathvik98@example.net,B+,15.342594,75.123543,2024-09-06,True,96.28
813307ab-3ed9-4fa9-bcb0-ba43fb0cd530,b0484536-d8b9-4355-8e43-b836addec2cb,Devika Setty,+913567983631,pallavi24@example.net,AB+,16.82563,75.696946,2026-07-11,True,98.84
46583225-c4b8-4e95-8260-ffc952454cb8,01f9eefe-7c6c-4988-b344-6c4b13f999a2,Manan Shenoy,+917240787541,pandyaraagini@example.org,A+,12.282439,76.631099,2025-12-06,True,93.66
eeb10a52-ad31-4e49-822b-d8dbe69ed9e3,bef1104b-fe2e-43ef-97e1-17ca8b2ff43f,Mekhala Thakkar,+917451066343,mgoda@example.com,B+,12.989288,77.538928,2026-06-04,False,94.97
86b784da-d5dd-410b-a776-7806e37d02c4,11e03484-d793-45e3-8c3b-39cb5e7f7787,Zilmil Sant,+913100943181,upkaar96@example.com,O+,12.970906,77.593231,2025-08-15,True,80.61
780bf778-1618-44bf-83e4-d66ba85d9d7d,e47b524f-1598-43b9-8bde-862eeccc119f,Harrison Kannan,+913549401289,smody@example.org,O+,13.344107,74.740963,2026-03-12,True,77.05
b6ba0be9-94f9-4433-9ed1-5209d3dd682e,1b0df825-138e-4be0-8181-7f1edd82ca22,Divya Boase,+912076502412,pandeyurvi@example.net,O+,12.972893,77.604702,2026-03-30,True,73.2
5ff916e5-1609-41df-aeb7-2ac4a374a439,009895d6-f501-41c7-9a96-7ca21daf6152,Vrinda Kota,+919438822114,sneha75@example.net,O+,12.514988,76.880198,2026-03-06,True,95.44
a3824414-364f-4f01-9b75-b5c00f26fa9c,93a19e16-0a1e-439f-8194-8ef6133881f3,Vidhi Kulkarni,+914589714802,qkannan@example.org,O+,12.982465,77.586296,2026-07-07,True,99.53
92d30889-aff2-458c-b252-9ac4b016e594,38fd9f2c-f0f9-418a-b6cb-fd4e359de644,Widisha Balasubramanian,+913136148782,ikshita56@example.net,O+,12.524837,76.899482,2024-12-07,True,86.22
d0adfedf-b819-41d3-ae04-23893e1a4558,ab87253d-7e70-4950-b123-f7ccbe65f633,Anya More,+915916795410,ddin@example.net,A+,15.360113,75.112749,2026-02-14,True,79.47
b6f9d189-d2f8-4459-9c76-e6b385a20b4f,47b7c03f-58ea-4d84-8c63-849906682b8c,Bimala Gaba,+914070349107,abdul65@example.net,A+,12.932981,77.632084,2026-07-09,True,77.89
524fd1f0-9d63-4683-b76d-fb211d2d0599,a83882c4-57d4-4a3e-86c4-e64228610726,Chandresh Krishnamurthy,+918214236914,azadsolanki@example.com,A+,12.91629,77.680305,2026-06-19,True,81.17
e781f4eb-ec7c-4ddf-ab47-abdb2624c555,52a3d3ea-dfa8-44fb-a73a-24238a7b1e15,Libni Sami,+919429659234,omajaiyengar@example.com,A+,13.33945,77.12068,2026-07-13,True,91.62
5d2a0f0b-2753-4da4-9af5-bfa8c9ac185a,f1b18e3a-0f8d-4501-b1ff-e0e0ff3d1f56,Frederick Mishra,+916128758575,ashukla@example.com,A+,16.837943,75.699746,2026-04-25,True,70.29
b84d790f-9c03-4add-ba52-5c4896e65d44,7313bf8a-900d-4d23-9dd7-d0b049f97b82,Ayaan Bala,+914398529894,ramaswamyjeremiah@example.com,O+,12.297135,76.638317,2026-07-02,True,79.0
df0508a7-c627-4749-b15a-16ea088f2e96,ea734490-5167-48e0-9dda-d625b0c30300,Turvi Vasa,+914159149750,vaidyachatresh@example.net,O+,12.895814,74.869921,2025-05-29,True,88.9
4fe31898-4019-4faf-8e36-e7b2e26cdf19,641c9e36-dabe-42b2-afea-4b960eb80e87,Zaitra Dhawan,+914407931102,venkateshgunbir@example.org,B-,12.290155,76.646298,2026-04-12,True,82.35
7a90fa9c-510d-4b0e-9ab5-621ebee7e9cb,b0f8d247-ff5b-4973-b439-53850b75df79,Hemang Som,+910146723849,bdasgupta@example.org,O+,12.9291,77.560517,2026-03-07,True,93.41
852f36f6-193a-4eee-8d76-a6ef99b6c9fb,b61ccad0-dff0-4c3e-80b0-f82bb4e6aa36,Qasim Dhar,+913774419754,sraju@example.org,O+,12.918735,77.598872,2026-03-27,True,83.91
f553bdd9-2d8e-4f55-8205-fd43dcd8a768,42e078dd-91f4-4e85-a6c6-e99e3420cb4b,Omaja Sandal,+911960940970,liam77@example.com,AB+,16.189866,77.323809,2026-05-25,True,95.47
42179b2b-3405-4d9f-9550-1da3950caa21,100f7754-0a59-4346-a9f5-aacdd96378b8,Nathan Parmar,+918122595724,meera17@example.com,B+,12.972157,77.598751,2025-05-16,True,81.86
c193bb77-3acd-4820-93c0-a2fc8674668b,d3163dca-f5f6-4ebe-a2bd-926cd330c378,Pranit Tripathi,+919599610023,cherianxalak@example.net,O+,13.362305,74.733193,2026-06-15,True,75.52
6b9779e7-d7b5-4a82-bea9-ab31e34065ff,0d0bf1c8-3ed2-44aa-8270-6f48ff40097d,Ekiya Kata,+916109410175,ghoshekani@example.org,AB+,12.939563,77.541311,2026-05-04,True,81.91
68258a1e-f5ba-40b5-856e-399b34680358,293b0021-f594-4551-9f7e-92c3a123dd52,Krishna Deol,+917433268319,charsamar@example.org,A+,12.87684,77.61114,2026-03-08,True,72.5
2e5cbc57-2852-4b71-b4f8-3388ebddcaa5,0203f44b-c055-4536-bab6-05f5c7273465,Abdul Parsa,+915287339785,lakshit17@example.com,O+,12.96947,77.591392,2025-06-05,True,83.29
9d6bad63-a44c-4eb1-9106-30054a3379b2,0d03c876-4eff-458e-80fe-cdd8448d66b1,Ekavir Brar,+911730985034,madhavi51@example.org,A+,12.987913,77.625327,2026-07-01,True,84.02
f0a6c211-f91c-4e78-9066-0f10e95e7dd8,c0288515-5b22-4d58-aa35-e0c4e275b775,Falan Warrior,+914690819740,nigamoviya@example.com,A+,13.310452,74.732248,2026-03-06,True,87.93
43b84520-ab98-4cf7-80a7-b48516e6095d,468032a2-dfb3-47de-b96e-e03c68ecbc6d,Gaurika Bhargava,+910371990516,srinivaskai@example.com,B+,15.824012,74.486346,2026-04-05,True,84.45
c09faab0-1703-47e1-8eaf-1a390674dfcb,6731ffb7-c79b-4d10-b04f-8387d4e94f06,Hemang Banik,+916743000389,jbadami@example.com,B+,12.9711,77.595947,2026-02-03,False,94.46
8eaa5f7d-7731-495c-8759-cebd2d62d4c4,9502e632-2428-485b-b493-416acc4b19e8,Lila Purohit,+912171955356,khannavincent@example.org,A+,13.332723,77.118343,2026-03-14,True,92.98
211e0648-015c-4ae1-bef7-5a762a06dc9e,9d56e4b8-07ac-45e0-9d08-1ea4b6509a80,Utkarsh Sachar,+911027240559,brindadayal@example.net,B+,16.834324,75.695761,2024-07-19,True,77.5
e59f4a04-e989-4aed-9d65-e7fcd478b915,efa409e9-b55f-4ed7-8ea4-af1309a601b9,Varenya Das,+913753745843,eiravati88@example.org,A-,14.472164,75.906868,2024-05-14,True,92.94
327e3e98-8562-42c1-985f-d29f9005def7,ccfe30d5-2d20-4be8-ae48-61949cfebc48,Hiral Roy,+912834831520,riasetty@example.org,B+,12.514408,76.872763,2026-04-10,True,95.6
83615d55-60d4-4949-8687-8a3e2356e2f9,65878d03-efbf-48b2-8730-46e1c35e695c,Wishi Bandi,+914104967066,obasu@example.org,O+,12.964022,77.585565,2024-05-17,True,79.62
02b64d19-6169-43ee-b754-32d043db6861,05655a4d-0035-4246-b023-a600536de2f6,Qarin Sankar,+915095493059,ysane@example.net,AB+,13.072899,77.609149,2025-10-08,True,91.81
83ebae09-4a41-4f5d-a955-83741fb43ffe,f1f1f791-689b-44d7-86bc-8f47b4f4c34d,Ikbal Rama,+919984267320,anusha13@example.net,B+,12.968019,77.594748,2024-09-21,True,83.91
c209132a-5da6-4478-b691-6956194e3f94,595d1cfd-2a2c-4729-a26e-3dcd584b593f,Geetika Rana,+914490149542,bshere@example.com,AB+,16.83292,75.705735,2025-01-08,False,84.1
41378ecd-2bdd-422f-a9ef-3edc8d8bc217,2840a9cd-0d11-409e-a64d-29dc6c7e7a2e,Unnati Bansal,+916091498517,aarnamajumdar@example.com,O+,13.004099,77.520429,2025-06-04,True,99.25
689814ab-e01a-4d79-af5b-540106aeb398,a6983ac8-0c78-4906-94f3-99634b68f6ba,Joshua Karan,+913102879508,darshlad@example.com,O+,13.005204,77.698898,2024-04-03,True,84.18
7c30f1f7-6667-4b1c-9086-844ee10c5aa3,25feca73-0d4d-41be-b91c-f97dbebd1449,Ira Zachariah,+911187181335,ojasvi16@example.com,O+,17.326264,76.841582,2024-07-31,True,77.6
38356f02-604b-4e9c-a012-4185702ac561,6aae7992-14d1-44de-b3c4-8c6d932f45db,Aryan Narain,+917490250429,cheriansiddharth@example.com,O+,15.852316,74.495378,2025-10-21,True,83.02
faebbc47-b62d-4a8f-bf3a-802027866b49,8dd0fc84-8409-4513-8ced-17475e55f427,Tanveer Radhakrishnan,+911398986818,sodhizinal@example.com,B+,12.910043,77.557404,2026-01-01,True,90.72
1c8f78e4-7080-43cf-920a-7b6712c6bace,e1d1bbe5-5a4b-48b7-a46f-1f9e9395b89f,Amruta Hayer,+915375137651,yashasvi15@example.net,B+,17.329987,76.832016,2026-05-16,True,97.93
6c4fdf71-56c4-4c72-9a24-36f823635833,cff3e717-2cfb-4f39-8dcc-68163d116b5a,Victor Sen,+918369294455,bumbnilima@example.com,O+,14.236992,76.404354,2026-05-01,True,76.98
b144c8ce-71cb-4646-a1ec-2b24a218a39d,f8de4b86-910b-42b6-bf9f-e63a875c31cb,Warda Hora,+911648712060,elijahdeo@example.net,O+,13.137189,78.105691,2026-07-18,False,81.33
8b3dc16c-c76f-4af4-adcf-dd435e1942ba,8566e120-e6d8-472e-9a56-221291324758,Pahal Pandya,+914155999101,saumya67@example.net,O+,14.467295,75.922557,2026-06-03,True,75.69
305b6ad5-cc25-41b6-a218-a988b1225cc6,8677fa70-bb58-421c-8904-97377465399e,Bimala Sood,+911209957657,yashodamammen@example.org,B+,12.969819,77.578137,2026-03-05,True,85.93
c0fb3d80-1095-4e96-a7f6-98bcb7176176,e851efa4-ecdb-4e2e-b7b9-5eeae1d27a7c,Chameli Tak,+918986456522,kadequshi@example.net,B+,12.253233,76.627744,2026-03-11,True,75.57
0e8a32c7-e71b-4978-9caa-4a0bf960e84c,8fd41898-3b4c-4971-89d7-ffe6b030db22,Dipta Chaudhary,+914477324491,aryadhaliwal@example.org,B+,12.984922,77.511717,2026-02-19,True,94.57
e2ad1384-3788-4f06-ab65-302ab433ce9b,cdd906bf-a354-4766-a14b-89bfbc710cb1,Yashoda Ganguly,+918307053496,iverma@example.com,A+,12.976975,77.538987,2024-12-21,True,73.31
17ad95ac-5fe6-4743-8f01-78ecdacb7156,18d750d2-3b66-4920-bad1-6a606c64ffbd,Imaran Dar,+911241513152,anya78@example.net,A+,15.364946,75.12357,2026-04-19,True,75.75
65bc0648-06b2-45b7-b4d5-875e977bde7d,0cfb1c60-fd15-4206-8466-ee3608781874,Divya Barad,+913800329633,upma27@example.org,B+,12.934386,77.626763,2026-02-28,True,80.99
ff9febea-dcf0-4940-8dbc-24c0edfdb028,af9402bb-2658-495d-80d9-2aea9e9ce7da,Barkha Deep,+910617893206,lajita93@example.net,A+,15.850187,74.497463,2026-08-01,True,89.17
843ada45-7e95-421a-8183-3806b7d07157,a69f5f95-7b18-4316-9107-955283bd52c9,Veda Wali,+917769587413,manioni@example.com,O+,13.020565,77.55326,2026-05-07,True,77.97
ebe1bdc9-c2f4-4e5c-9af8-089e2d8a6bb5,007c5978-6474-4356-a689-7f199ccb272d,Yug Sandal,+911562779630,amrita83@example.com,AB+,12.971297,77.595481,2026-05-02,True,76.93
f1188d23-8715-48d6-b9d4-3b2f45063012,7619adbf-ec9a-470f-a804-50177f7095c4,Ekantika Lal,+916640473504,orout@example.net,B-,12.968506,77.589808,2026-03-04,True,82.46
db35e539-7423-4ad2-a5ac-51a7cd20d962,2a1060ee-5322-4a64-82c4-e0003af4f4ae,Samuel Choudhary,+910061558108,janakiwason@example.org,B+,12.941336,77.633134,2026-05-01,True,75.41
56b0ce67-2bc4-476b-8925-85be1bbd2a81,0a034713-e07b-4260-b782-47f8214d67d8,Meghana Karnik,+916383000818,csundaram@example.org,AB-,12.300669,76.647058,2026-06-27,True,86.5
2acd6808-7621-44db-8c6e-dfe2e089f978,8c52d275-4d23-44df-88a0-f76551b81855,Charvi Bajwa,+911662411186,auroramax@example.org,O+,14.19993,76.412863,2026-04-03,True,86.89
7dede990-22d1-4e1d-a993-802b863ea64c,68b9f25c-d587-40d9-ab48-d5e5da74915a,Rishi Muni,+914473149764,ochander@example.com,B+,13.031391,77.563892,2026-03-18,True,70.01
d0464680-1c47-4c87-a2cb-93cdc186d954,d8c0b7eb-0a3f-495c-abec-b755b5ac4076,Vasudha Mane,+916581739063,epingle@example.net,A+,12.982791,77.59578,2026-05-14,True,76.66
d2b24537-fa4f-4b04-b04a-4a89157403d8,1eba5485-2625-49bf-95e8-bf3a4af354c5,Deepa Natarajan,+912379312697,danieltak@example.com,O+,13.337916,77.117266,2024-07-27,True,87.12
1fba5a9c-4b3d-4b3a-bda6-e0c991993852,659bdbd7-b1f0-4d6a-be11-258aeb7f0251,Deepa Nazareth,+919604387875,ekantashenoy@example.net,A+,12.913229,74.856227,2024-06-27,True,77.69
58d7ffd8-9113-4cd0-ae69-4baba6b8b65e,a486f06a-1825-4813-9e9a-816912a8568c,Yoshita Bumb,+912028123710,ktandon@example.net,A+,12.935884,77.577616,2025-03-18,True,75.19
37360a1b-1292-4af8-9cd6-0c44220dfcc8,82eb80dc-ce09-4af0-a4a8-77a17de6c6c1,Logan Sahota,+916448595922,samarth95@example.net,O-,13.913518,75.559335,2026-07-04,False,94.25
af17dc21-d09a-421f-8978-c1fde8db3cf1,22acf09c-5352-4445-a0b5-062080771a07,Urmi Shere,+918705622710,raghav31@example.net,B+,13.032578,77.561151,2026-03-20,True,96.03
72c5c840-f8da-4ddf-b84a-fcbf2172ca32,99be0138-0268-4dbc-9a1f-bee5a87fece8,Ganga Chandra,+912158350344,xmohan@example.net,O+,13.33947,74.740002,2024-05-07,True,79.14
2936b1cc-8b32-4ec3-8a74-173cc0187570,4436fed5-da00-4eb1-a9db-94cc814be7bd,Aachal Jain,+913424912896,aradhana97@example.org,B+,12.992631,77.62414,2025-12-24,True,99.92
